加油站代號,加油站名稱,加油站地址,加油站電話,煤油品項,是否有庫存
D2041,八堵加油加氣站,205基隆市暖暖區八堵路158號,02-24560524,20L聽裝煤油 (026,是
D2042,中正三路站,202基隆市中正區中正路459號,02-24622381,20L聽裝煤油 (026,是
D2044,祥豐街站,202基隆市中正區祥豐街108號,02-24627356,20L聽裝煤油 (026,否
D2045,金山站,208新北市金山區中山路385號,02-24982553,20L聽裝煤油 (026,是
D2046,萬里站,207新北市萬里區龜吼里美崙31-1號,02-24922019,20L聽裝煤油 (026,是
D2047,六堵站,206基隆市七堵區明德二路28號,02-24512006,20L聽裝煤油 (026,是
D2048,瑞芳站,224新北市瑞芳區中山路200號,02-24972341,20L聽裝煤油 (026,是
D2049,成功一路站,200基隆市仁愛區成功一路105號,02-24316683,20L聽裝煤油 (026,是
D2050,西定路站,203基隆市中山區西定路190號,02-24226918,20L聽裝煤油 (026,是
D2052,三芝站,252新北市三芝區埔頭里31鄰埔頭15號,02-26362403,20L聽裝煤油 (026,是
D2053,安樂站,204基隆市安樂區麥金路441號,02-24311788,20L聽裝煤油 (026,是
D2054,澳底站,228新北市貢寮區真理里美艷山街6-2號,02-24901501,20L聽裝煤油 (026,是
D2055,海濱站,224新北市瑞芳區海濱路157-2號,02-24973124,20L聽裝煤油 (026,是
D2056,碇內站,205基隆市暖暖區源遠路157號,02-24577214,20L聽裝煤油 (026,是
D2057,北寧路站,202基隆市中正區北寧路37號,02-24628621,20L聽裝煤油 (026,是
D2058,大武崙站,204基隆市安樂區基金三路2-1號,02-24321537,20L聽裝煤油 (026,是
D2059,八德路站,206基隆市七堵區八德路2-15號,02-24562643,20L聽裝煤油 (026,是
D2060,保長坑站,221新北市汐止區大同路三段186-1號,02-86485318,20L聽裝煤油 (026,是
D2061,東明路站,201基隆市信義區東明路138號,02-24660611,20L聽裝煤油 (026,是
D2140,中崙站,104台北市中山區八德路二段214號,02-27712548,20L聽裝煤油 (026,是
D2141,三重重新路站,241新北市三重區重新路五段495號,02-29953683,20L聽裝煤油 (026,否
D2142,北投站,112台北市北投區承德路七段384號,02-28201203,20L聽裝煤油 (026,是
D2144,基隆路站,106台北市大安區基隆路二段162號,02-27383992,20L聽裝煤油 (026,是
D2146,汐止站,221新北市汐止區大同路一段353號,02-26412246,20L聽裝煤油 (026,是
D2147,社子站,111台北市士林區重慶北路四段198號,02-28122647,20L聽裝煤油 (026,是
D2149,民權西路站,103台北市大同區民權西路194號,02-25575809,20L聽裝煤油 (026,否
D214F,菜寮站,241新北市三重區重新路三段157號,02-29843153,20L聽裝煤油 (026,是
D214G,福林站 ,111台北市士林區中山北路五段465號,02-28812420,20L聽裝煤油 (026,是
D214H,中央北路站,112台北市北投區中央北路四段584號,02-28913744,20L聽裝煤油 (026,是
D214J,寶橋站,231新北市新店區寶橋路219號,02-29111965,20L聽裝煤油 (026,是
D214K,龍安站,106台北市大安區和平東路二段2號,02-23631735,20L聽裝煤油 (026,是
D214L,百齡四路加油加氣站,112台北市北投區承德路六段427號,02-28201427,20L聽裝煤油 (026,是
D214M,忠孝東路站,105台北市信義區忠孝東路五段69號,02-27622418,20L聽裝煤油 (026,是
D214N,坪林站,232新北市坪林區北宜路八段61號,02-26656081,20L聽裝煤油 (026,是
D214R,內湖站,114台北市內湖區民權東路六段50號,02-27920678,20L聽裝煤油 (026,是
D214T,八里站,249新北市八里區中山路一段1號,02-26104191,20L聽裝煤油 (026,是
D214X,西湖,114台北市內湖區內湖路一段59號,02-27992147,20L聽裝煤油 (026,是
D214Y,建國北路站,104台北市中山區建國北路三段91號之1,02-25014338,20L聽裝煤油 (026,是
D214Z,新莊站,242新北市新莊區中正路338號,02-29965736,20L聽裝煤油 (026,否
D2150,木柵站,116台北市文山區木柵路三段2號,02-29392990,20L聽裝煤油 (026,是
D2151,萬隆站,116台北市文山區興隆路一段13號,02-29312829,20L聽裝煤油 (026,是
D2152,中和站,235新北市中和區中和路260號,02-22493364,20L聽裝煤油 (026,是
D2153,淡水站,251新北市淡水區中正東路1號,02-26212343,20L聽裝煤油 (026,是
D2154,金山南路站,106台北市大安區金山南路二段77號,02-23518346,20L聽裝煤油 (026,是
D2156,陽明山站,111台北市士林區陽明山格致路3號,02-28616052,20L聽裝煤油 (026,是
D2157,復興北路站,105台北市松山區復興北路31號,02-27112342,20L聽裝煤油 (026,是
D2158,泰山站,243新北市泰山區泰林路二段424號,02-29097921,20L聽裝煤油 (026,是
D2159,新生南路站,106台北市大安區仁愛路三段1號,02-27112316,20L聽裝煤油 (026,是
D215A,屈尺站,231新北市新店區新烏路2段202號,02-26668137,20L聽裝煤油 (026,是
D215E,林口站,244新北市林口區中山路１號,02-26015017,20L聽裝煤油 (026,是
D215H,板橋民族路站,220新北市板橋區民族路90號,02-29536247,20L聽裝煤油 (026,是
D215J,南港站,115台北市南港區南港路二段50號,02-27822408,20L聽裝煤油 (026,是
D215K,蘆洲站,   新北市蘆洲區三民路99號,02-22812333,20L聽裝煤油 (026,是
D215L,環河南路站,108台北市萬華區環河南路二段274之2及177之1,02-23040528,20L聽裝煤油 (026,是
D215M,三峽站,237新北市三峽區介壽路一段193號,02-26711123,20L聽裝煤油 (026,否
D215N,鶯歌站,239新北市鶯歌區文化路152號,02-26792944,20L聽裝煤油 (026,是
D215R,新店北新路站,231新北市新店區北新路一段90號,02-29180305,20L聽裝煤油 (026,否
D215T,莒光路站,100台北市中正區莒光路2號,02-23028385,20L聽裝煤油 (026,是
D215V,泰新加油加氣站,243新北市泰山區新北大道五段1號,02-29094220,20L聽裝煤油 (026,否
D215W,東湖站,114台北市內湖區康寧路三段225號,02-26311524,20L聽裝煤油 (026,是
D215X,新莊大漢橋站,242新北市新莊區思源路41-1號,02-29977573,20L聽裝煤油 (026,是
D215Y,鶯桃路站,239新北市鶯歌區建國路608號,02-26792083,20L聽裝煤油 (026,是
D215Z,三多站,   新北市樹林區中正路433號,02-26886405,20L聽裝煤油 (026,是
D2160,樹林站,   新北市樹林區樹新路207號,02-26812405,20L聽裝煤油 (026,是
D2161,二重站,241新北市三重區重新路五段652號,02-29950790,20L聽裝煤油 (026,是
D2162,桂林路站,108台北市萬華區桂林路53號,02-23819053,20L聽裝煤油 (026,是
D2163,信義路站,106台北市大安區信義路四段374號,02-27081235,20L聽裝煤油 (026,是
D2164,汀州路站,100台北市中正區汀州路三段１號,02-23655595,20L聽裝煤油 (026,是
D2165,民生東路站,105台北市松山區三民路126號,02-27671664,20L聽裝煤油 (026,是
D2167,松山路站,110台北市信義區松山路480號,02-27297328,20L聽裝煤油 (026,是
D2168,文林路站,111台北市士林區文林路100號,02-28817934,20L聽裝煤油 (026,是
D2169,富陽街站,106台北市大安區富陽街129號,02-27324229,20L聽裝煤油 (026,是
D216A,吉林路站,104台北市中山區吉林路31號,02-25417952,20L聽裝煤油 (026,是
D216F,永和永利路站,234新北市永和區永利路69號,02-29212541,20L聽裝煤油 (026,是
D216H,蘆洲中山二路站,   新北市蘆洲區中山二路309號,02-22859867,20L聽裝煤油 (026,是
D216J,大埔站,237新北市三峽區中正路二段165號,02-26710050,20L聽裝煤油 (026,是
D216K,五股工業區站,242新北市新莊區五工路99-3號(周日營業時間:09~18),02-22980057,20L聽裝煤油 (026,否
D216L,大直站,104台北市中山區明水路661號,02-25320154,20L聽裝煤油 (026,是
D216R,埔墘站,220新北市板橋區中山路二段320號,02-29553436,20L聽裝煤油 (026,是
D216U,內湖麗山街站,114台北市內湖區內湖路一段362號,02-26577339,20L聽裝煤油 (026,是
D216V,淡海新市鎮站,251新北市淡水區埤島里二鄰淡金路2段599號,02-26228923,20L聽裝煤油 (026,是
D216Y,安康加油加氣站,   台北市內湖區安康路284號(加氣部份暫停營業),02-27909413,20L聽裝煤油 (026,是
D2170,五股站,248新北市五股區中興路四段21號,02-22917541,20L聽裝煤油 (026,是
D2171,重陽路,241新北市三重區忠孝路一段１號,02-29718645,20L聽裝煤油 (026,是
D2172,新生北路站,104台北市中山區新生北路二段71號,02-25815206,20L聽裝煤油 (026,是
D2173,土城廣福路站,236新北市土城區四川路１號,02-89672580,20L聽裝煤油 (026,是
D2174,土城站,236新北市土城區中央路二段280號,02-22602808,20L聽裝煤油 (026,是
D2176,光復北路站,105台北市松山區光復北路13號,02-27674900,20L聽裝煤油 (026,是
D2177,大豐站,231新北市新店區北新路二段205號,02-29117053,20L聽裝煤油 (026,否
D2178,林森北路站,104台北市中山區林森北路11號,02-23410686,20L聽裝煤油 (026,是
D2179,積穗站,235新北市中和區中山路二段550號,02-22219719,20L聽裝煤油 (026,是
D217F,新店中正路站,   新北市新店區中正路470號,02-22192678,20L聽裝煤油 (026,是
D217J,蘆洲三民路站,247新北市蘆洲區三民路550號,02-22890485,20L聽裝煤油 (026,是
D217K,濱江大直橋加油加氣站,105台北市松山區濱江街373號,02-25177975,20L聽裝煤油 (026,是
D234C,武陵站,330桃園市桃園區中山路1020號,03-3604492,20L聽裝煤油 (026,否
D234D,中山路站,330桃園市桃園區中山路522號,03-3323504,20L聽裝煤油 (026,是
D234F,迴龍站,333桃園市龜山區龍壽里萬壽路一段383號,02-82093915,20L聽裝煤油 (026,是
D234G,林口工三,333桃園市龜山區樂善里文化一路33號,03-3282232,20L聽裝煤油 (026,是
D234H,龜山站,333桃園市龜山區萬壽路二段640號,03-3296223,20L聽裝煤油 (026,否
D234M,蘆竹站,338桃園市蘆竹區錦興里中正路342號,03-3224714,20L聽裝煤油 (026,是
D234N,三民路站,330桃園市桃園區三民路一段150號,03-3348425,20L聽裝煤油 (026,是
D234T,桃園機場第三站,337桃園市大園區埔心里航勤南路2號,03-3834374,20L聽裝煤油 (026,是
D234V,大園站,337桃園市大園區中正東路58號,03-3862243,20L聽裝煤油 (026,是
D234W,大竹站,338桃園市蘆竹區大竹里大竹路503號,03-3232425,20L聽裝煤油 (026,是
D234X,春日路站,330桃園市桃園區春日路971號,03-3550381,20L聽裝煤油 (026,是
D234Y,平鎮站,324桃園市平鎮區延平路二段152號,03-4934734,20L聽裝煤油 (026,是
D234Z,埔心站,326桃園市楊梅區中山北路二段308號,03-4826370,20L聽裝煤油 (026,是
D235A,楊梅站,326桃園市楊梅區中山路96號,03-4782205,20L聽裝煤油 (026,是
D235C,梅溪加油加氣站,326桃園市楊梅區中山北路一段391號,03-4782632,20L聽裝煤油 (026,是
D235D,新富站,   桃園市平鎮區新富里中豐路一段298號,03-4573401,20L聽裝煤油 (026,是
D235E,建龍站,325桃園市龍潭區烏林里中豐路716號,03-4792578,20L聽裝煤油 (026,是
D235F,新坡站,328桃園市觀音區大同里中山路二段794號,03-2825887,20L聽裝煤油 (026,是
D235G,新屋站,327桃園市新屋區中山路85號,03-4772644,20L聽裝煤油 (026,是
D235H,觀音站,328桃園市觀音區廣興里中山路一段166號,03-4735944,20L聽裝煤油 (026,是
D235J,龍潭站,325桃園市龍潭區北龍路264號,03-4792614,20L聽裝煤油 (026,是
D235K,富岡站,326桃園市楊梅區民富路三段574號,03-4722045,20L聽裝煤油 (026,否
D235L,介壽路站,330桃園市桃園區介壽路324號,03-3615070,20L聽裝煤油 (026,否
D235M,八德站,   桃園市八德區竹園里長興路556號,03-3651042,20L聽裝煤油 (026,是
D235N,茄苳站,   桃園市八德區茄苳里中華路575號,03-3696978,20L聽裝煤油 (026,是
D235P,獅子王站,326桃園市楊梅區幼獅工業區獅二路16號,03-4961585,20L聽裝煤油 (026,否
D235Q,中壢工業區加油加氣站,320桃園市中壢區中華路二段230號,03-4521948,20L聽裝煤油 (026,否
D235R,中壢工二站,320桃園市中壢區吉林路37巷15號,03-4620443,20L聽裝煤油 (026,是
D235T,中壢站,320桃園市中壢區延平路33號,03-4522044,20L聽裝煤油 (026,是
D235U,龍岡站,320桃園市中壢區環中東路二段659號,03-4592501,20L聽裝煤油 (026,否
D235V,大溪站,335桃園市大溪區瑞興里20鄰瑞安路一段268號,03-3801304,20L聽裝煤油 (026,是
D235X,慈湖站,335桃園市大溪區復興路一段970號,03-3881410,20L聽裝煤油 (026,是
D235Y,復興站,336桃園市復興區澤仁里中正路267號,03-3822939,20L聽裝煤油 (026,是
D235Z,觀音三和站,328桃園市觀音區三和里濱海路武威段2號,03-4737011,20L聽裝煤油 (026,是
D237P,海口站,337桃園市大園區海口里三民路一段158號,03-3935333,20L聽裝煤油 (026,否
D237V,天祥站,   桃園市中壢區五權里民族路三段226號,03-2813170,20L聽裝煤油 (026,是
D237W,大園民生站,   桃園市大園區橫峰里1鄰民生南路163號,03-3856171,20L聽裝煤油 (026,是
D237X,大園國際站,337桃園市大園區圳頭里國際路一段772號,03-3856800,20L聽裝煤油 (026,是
D237Y,廣豐站,326桃園市楊梅區大平里中山南路259號,03-4786145,20L聽裝煤油 (026,是
D2386,中壢服務區站,320桃園市中壢區內定里20鄰內定二街998-6號,03-4622920,20L聽裝煤油 (026,是
D4140,彰化站,500彰化縣彰化市和調里中山路三段27號,04-7222759,20L聽裝煤油 (026,是
D4141,三民路站,402台中市南區福平里三民路一段１號,04-22613854,20L聽裝煤油 (026,是
D4142,大同站,404台中市北區錦平里三民路三段225號,04-22223385,20L聽裝煤油 (026,是
D4143,草屯站,542南投縣草屯鎮玉峰里中正路880號,049-2362049,20L聽裝煤油 (026,是
D4144,豐潭站,427台中市潭子區栗林里中山路三段249號,04-25324634,20L聽裝煤油 (026,否
D4145,大甲站,437台中市大甲區頂店里中山路一段1120號,04-26872314,20L聽裝煤油 (026,是
D4146,梨山站,424台中市和平區梨山里中正路224號,04-25981393,20L聽裝煤油 (026,是
D4147,員林站,510彰化縣員林市三多里中山路二段495號,04-8320294,20L聽裝煤油 (026,是
D4148,二林站,526彰化縣二林鎮豐田里二溪路一段212號,04-8960049,20L聽裝煤油 (026,是
D4149,東勢站,423台中市東勢區粵寧里豐勢路678號,04-25872454,20L聽裝煤油 (026,是
D414A,龍井站,434台中市龍井區竹坑里沙田路四段175號,04-26353010,20L聽裝煤油 (026,是
D414E,埔里中山路站,545南投縣埔里鎮中山路二段141號,049-2982844,20L聽裝煤油 (026,是
D414F,國聖站,500彰化縣彰化市國聖里中山路三段708號,04-7321540,20L聽裝煤油 (026,是
D414G,草屯新豐,542南投縣草屯鎮中正路1615號,049-2333704,20L聽裝煤油 (026,否
D414J,台中港站,436台中市清水區海演里臨港路6段1號,04-26562247,20L聽裝煤油 (026,是
D414K,芬園站,502彰化縣芬園鄉彰南路四段354號,049-2522244,20L聽裝煤油 (026,是
D414L,大肚站,432台中市大肚區新興里沙田路二段222號,04-26992502,20L聽裝煤油 (026,是
D414M,南投三和站,540南投縣南投市三和里中興路549號,049-2227255,20L聽裝煤油 (026,是
D414N,國姓站,544南投縣國姓鄉福龜村中正路一段55號,049-2721240,20L聽裝煤油 (026,是
D414R,霧社站,546南投縣仁愛鄉大同村仁和路14號,049-2802275,20L聽裝煤油 (026,否
D414T,和美站,508彰化縣和美鎮和東里彰美路五段85號,04-7553024,20L聽裝煤油 (026,是
D414U,進化路站,404台中市北區錦洲里進化路656號,04-22323873,20L聽裝煤油 (026,是
D414V,外埔站,438台中市外埔區大同里甲后路三段758號,04-26833350,20L聽裝煤油 (026,是
D414W,鹿谷站,558南投縣鹿谷鄉鹿谷村中正路二段137號,049-2752874,20L聽裝煤油 (026,是
D414X,沙鹿站,433台中市沙鹿區台灣大道7段391號,04-26314644,20L聽裝煤油 (026,是
D414Y,台中工業區加油加氣站,407台中市西屯區福和里臺灣大道四段1047號,04-23592968,20L聽裝煤油 (026,是
D414Z,社頭站,511彰化縣社頭鄉員集路二段583號,04-8732534,20L聽裝煤油 (026,否
D4150,埔里站,545南投縣埔里鎮中山路三段172號,049-2982403,20L聽裝煤油 (026,是
D4151,南門橋站,412台中市大里區西榮里中興路二段691號,04-24826451,20L聽裝煤油 (026,是
D4152,溪湖站,514彰化縣溪湖鎮東寮里彰水路4段93號,04-8852244,20L聽裝煤油 (026,否
D4153,竹山站,557南投縣竹山鎮竹山里集山路三段884號,049-2642304,20L聽裝煤油 (026,是
D4154,清水站,436台中市清水區中山路507-18號,04-26222464,20L聽裝煤油 (026,是
D4155,水里站,553南投縣水里鄉南光村民生路53號,049-2770244,20L聽裝煤油 (026,是
D4156,彰化中山路站,500彰化縣彰化市華北里中山路二段396號,04-7224496,20L聽裝煤油 (026,是
D4157,溪州站,524彰化縣溪州鄉溪州村中山路三段6號,04-8892079,20L聽裝煤油 (026,是
D4159,田中站,520彰化縣田中鎮南路里員集路一段783號,04-8742705,20L聽裝煤油 (026,是
D415A,大安站,439台中市大安區東安里8鄰中山南路193號,04-26712249,20L聽裝煤油 (026,否
D415E,埤頭站,523彰化縣埤頭鄉中和村彰水路一段499號,04-8897844,20L聽裝煤油 (026,是
D415F,卓蘭站,369苗栗縣卓蘭鎮中正西路101號,04-25892174,20L聽裝煤油 (026,否
D415G,田尾站,522彰化縣田尾鄉饒平村中山路一段393號,04-8831042,20L聽裝煤油 (026,是
D415H,大甲日南站,437台中市大甲區經國路1666號,04-26871037,20L聽裝煤油 (026,是
D415J,中寮站,541南投縣中寮鄉永平村永平路349-13號,049-2691730,20L聽裝煤油 (026,是
D415K,芳苑站,528彰化縣芳苑鄉仁愛村斗苑路10號,04-8984558,20L聽裝煤油 (026,是
D415L,太平站,411台中市太平區太平里太平路651號,04-22787508,20L聽裝煤油 (026,否
D415M,青海路站,407台中市西屯區青海路二段211號,04-27015054,20L聽裝煤油 (026,是
D415N,魚池站,555南投縣魚池鄉魚池村魚池街772號,049-2895352,20L聽裝煤油 (026,是
D415R,文心路站,407台中市西屯區文心路三段2號,04-23131239,20L聽裝煤油 (026,否
D415T,集集站,552南投縣集集鎮林尾里民生路317號,049-2763894,20L聽裝煤油 (026,是
D415U,向上路站,403台中市西區向上路一段27號,04-23011800,20L聽裝煤油 (026,是
D415V,大雅中清路站,428台中市大雅區中清路三段951號,04-25664445,20L聽裝煤油 (026,是
D415W,伸港站,509彰化縣伸港鄉新港村新港路95號,04-7983424,20L聽裝煤油 (026,是
D415X,梧棲站,435台中市梧棲區八德路2號,04-26568415,20L聽裝煤油 (026,是
D415Y,信義站,556南投縣信義鄉明德村玉山路116號,049-2791837,20L聽裝煤油 (026,是
D415Z,和平站,424台中市和平區南勢里東關路三段5號,04-25941891,20L聽裝煤油 (026,是
D4160,永靖站,512彰化縣永靖鄉港西村中山路一段637號,04-8221945,20L聽裝煤油 (026,是
D4161,霧峰站,413台中市霧峰區中正路784號,04-23393270,20L聽裝煤油 (026,是
D4162,后里站,421台中市后里區三豐路427號,04-25562174,20L聽裝煤油 (026,是
D4163,花壇站,503彰化縣花壇鄉花壇村中山路一段384號,04-7862064,20L聽裝煤油 (026,是
D4165,北斗站,521彰化縣北斗鎮大道里中山路二段207號,04-8882154,20L聽裝煤油 (026,是
D4166,彰化中華路,500彰化縣彰化市平和里新平路100號,04-7621186,20L聽裝煤油 (026,是
D4167,北屯站,406台中市北屯區北屯路436號,04-22435121,20L聽裝煤油 (026,是
D4168,名間站,551南投縣名間鄉中正村南雅街151號,049-2732629,20L聽裝煤油 (026,是
D4169,南投站,540南投縣南投市三民里彰南路二段71號,049-2222650,20L聽裝煤油 (026,是
D416A,大城站,527彰化縣大城鄉上山村魚寮路50號,04-8944223,20L聽裝煤油 (026,是
D416E,青島路站,406台中市北屯區文心路四段119號,04-22925400,20L聽裝煤油 (026,是
D416F,昌平路站,406台中市北屯區昌平路一段95號,04-22348061,20L聽裝煤油 (026,是
D416G,永和街站,402台中市南區和平里美村南路77號,04-22611600,20L聽裝煤油 (026,是
D416H,二水站,530彰化縣二水鄉裕民村南通路二段680號,04-8790305,20L聽裝煤油 (026,是
D416J,東山路站,406台中市北屯區東山路一段377-5號,04-22392062,20L聽裝煤油 (026,是
D416K,公益路站,408台中市南屯區公益路二段2號,04-23269700,20L聽裝煤油 (026,是
D416L,坪頂站,434台中市龍井區新庄里臺灣大道六段6號,04-26316507,20L聽裝煤油 (026,是
D416M,霧峰林森路站,413台中市霧峰區林森路455號,04-23339411,20L聽裝煤油 (026,否
D416N,埔鹽站,516彰化縣埔鹽鄉好修村員鹿路二段99號,04-8651196,20L聽裝煤油 (026,是
D416R,石岡豐勢路站,422台中市石岡區九房里明德路2號,04-25722984,20L聽裝煤油 (026,是
D416T,員東路站,510彰化縣員林市員東路二段413號,04-8329743,20L聽裝煤油 (026,是
D416U,新社站,426台中市新社區中正里中和街五段58號,04-25819102,20L聽裝煤油 (026,是
D416V,五權西路站,402台中市南屯區五權西路二段566號,04-23893367,20L聽裝煤油 (026,是
D416W,松竹路站,406台中市北屯區松和里松竹路二段４２７號,04-22451915,20L聽裝煤油 (026,是
D416X,太平長億路站,411台中市太平區太平路137號,04-22709613,20L聽裝煤油 (026,是
D416Y,南崗工業區站,540南投縣南投市平山里仁和路13號,049-2251460,20L聽裝煤油 (026,是
D416Z,竹山延平站,557南投縣竹山鎮延平里集山路二段869號,049-2649304,20L聽裝煤油 (026,是
D4170,烏日站,414台中市烏日區九德里中山路一段539號,04-23381514,20L聽裝煤油 (026,是
D4171,復興路站,402台中市南區復興路三段73號,04-22617800,20L聽裝煤油 (026,是
D4172,公園路站,404台中市北區三民路三段50號,04-22237535,20L聽裝煤油 (026,是
D4173,福興站,506彰化縣福興鄉橋頭村彰鹿路七段477號,04-7772534,20L聽裝煤油 (026,是
D4174,日月潭站,555南投縣魚池鄉水社村中山路20號,049-2855160,20L聽裝煤油 (026,是
D4175,豐原大湳站,420台中市豐原區三豐路一段432號,04-25225504,20L聽裝煤油 (026,是
D4176,翁子站,420台中市豐原區豐勢路一段588號,04-25225510,20L聽裝煤油 (026,是
D4177,秀水站,504彰化縣秀水鄉安東村彰水路一段30號,04-7692141,20L聽裝煤油 (026,是
D4178,南投民族街站,540南投縣南投市平和里民族街163號,049-2222741,20L聽裝煤油 (026,否
D4179,振興路站,401台中市東區泉源里建成路556號,04-22134096,20L聽裝煤油 (026,是
D417A,埔心站,513彰化縣埔心鄉瓦北村員鹿路一段421號,04-8293874,20L聽裝煤油 (026,是
D417E,橋頭站,510彰化縣員林市員集路一段46號,04-8721990,20L聽裝煤油 (026,是
D417H,彰化彰興路站,500彰化縣彰化市三村里一鄰彰興路二段81號,047-377187,20L聽裝煤油 (026,是
D417J,員林快速道站,513彰化縣埔心鄉瓦南村中山路281號,04-8398903,20L聽裝煤油 (026,是
D417M,台中工業區南站,   台中市南屯區工業區18路26號之1,04-23595269,20L聽裝煤油 (026,是
D417N,田中二站,   彰化縣田中鎮北路里東閔路二段722號,04-8745633,20L聽裝煤油 (026,是
D417R,烏日高鐵站,414台中市烏日區建國路265號,04-23377492,20L聽裝煤油 (026,是
D417T,南崗三路站,540南投縣南投市南崗三路278-1號,049-2254902,20L聽裝煤油 (026,是
D417U,成功嶺站,414台中市烏日區榮泉路252號,04-23374286,20L聽裝煤油 (026,是
D417V,追分站,432台中市大肚區沙田路一段167號,04-26937955,20L聽裝煤油 (026,是
D4180,豐原交流道站,429台中市神岡區岸裡里中山路88號,04-25228204,20L聽裝煤油 (026,是
D4185,北斗交流道站,   彰化縣埤頭鄉斗苑東路7號,04-8783372,20L聽裝煤油 (026,否
D4240,新竹站,   新竹市東區中華路二段347號,03-5225043,20L聽裝煤油 (026,是
D4241,橫山站,312新竹縣橫山鄉大肚村中豐路二段96號,03-5932902,20L聽裝煤油 (026,是
D4242,竹東站,310新竹縣竹東鎮東寧路一段2號,03-5962447,20L聽裝煤油 (026,是
D4243,科學園區站,   新竹市東區龍山里工業東二路2-2號,03-5779157,20L聽裝煤油 (026,是
D4244,民華站,   新竹市東區中華路二段156-1號,03-5326491,20L聽裝煤油 (026,否
D4245,寶山站,308新竹縣寶山鄉雙新村寶新路1段65號,03-5204346,20L聽裝煤油 (026,是
D4246,關西站,306新竹縣關西鎮中豐路二段50號,03-5872134,20L聽裝煤油 (026,是
D4247,府前站,302新竹縣竹北市縣政二路112號,03-5556350,20L聽裝煤油 (026,否
D4248,竹北站,302新竹縣竹北市中華路439號,03-5552154,20L聽裝煤油 (026,否
D4249,湖口站,303新竹縣湖口鄉湖鏡村中正路三段346號,03-5690155,20L聽裝煤油 (026,是
D4250,尖石站,313新竹縣尖石鄉嘉樂村麥樹仁2鄰66號,03-5842322,20L聽裝煤油 (026,否
D4251,光復站,   新竹市東區光復路二段716號,035-718604,20L聽裝煤油 (026,是
D4252,新埔站,305新竹縣新埔鎮中正路902號,03-5882174,20L聽裝煤油 (026,否
D4253,香山站,300新竹市香山區中華路五段54號,03-5383201,20L聽裝煤油 (026,是
D4254,新湖口站,303新竹縣湖口鄉中正路二段20號,03-5991267,20L聽裝煤油 (026,否
D4255,關東橋站,300新竹市東區光復路一段529號,035-772433,20L聽裝煤油 (026,否
D4256,新豐站,303新竹縣湖口鄉鳳山村新興路330號,03-5592308,20L聽裝煤油 (026,否
D4257,光明站,   新竹市東區光復路二段1號,03-5716471,20L聽裝煤油 (026,是
D4258,東林路站,310新竹縣竹東鎮東林路105號,03-5957003,20L聽裝煤油 (026,否
D4259,峨眉站,315新竹縣峨眉鄉峨眉村3-1號,03-5800564,20L聽裝煤油 (026,否
D4260,新庄子站,304新竹縣新豐鄉重興村新庄路429號,03-5593274,20L聽裝煤油 (026,是
D4261,芎林站,307新竹縣芎林鄉上山村文山路554號,03-5923740,20L聽裝煤油 (026,是
D4262,北大路站,   新竹市東區北大路374號,03-5227664,20L聽裝煤油 (026,否
D4265,北埔站,314新竹縣北埔鄉水?村麻布樹排20號,03-5802547,20L聽裝煤油 (026,否
D4266,南寮站,300新竹市北區東大路四段292號,03-5363424,20L聽裝煤油 (026,是
D426A,獅潭站,354苗栗縣獅潭鄉新店村新店9-1號,037-931276,20L聽裝煤油 (026,是
D426C,通利站,   苗栗縣通霄鎮平安里18鄰環市路二段1032號,037-764736,20L聽裝煤油 (026,是
D426E,後龍站,356苗栗縣後龍鎮中華路51-2號,037-722041,20L聽裝煤油 (026,是
D426F,北苗站,360苗栗縣苗栗市為公路110號,037-262439,20L聽裝煤油 (026,是
D426G,中苗站,360苗栗縣苗栗市中正路442號,037-326764,20L聽裝煤油 (026,是
D426H,中華路站,360苗栗縣苗栗市中華路30號,037-266431,20L聽裝煤油 (026,是
D426J,西湖站,368苗栗縣西湖鄉湖東村埔頂9-3號,037-921048,20L聽裝煤油 (026,是
D426K,公館站,363苗栗縣公館鄉玉泉村玉泉24-4號,037-222834,20L聽裝煤油 (026,是
D426L,銅鑼站,366苗栗縣銅鑼鄉銅鑼村中正路151號,037-981124,20L聽裝煤油 (026,否
D426M,通霄站,357苗栗縣通霄鎮中山路297號,037-752075,20L聽裝煤油 (026,是
D426N,山腳站,358苗栗縣苑裡鎮舊社里158號,037-745074,20L聽裝煤油 (026,是
D426P,自強路站,351苗栗縣頭份市東庄里六鄰自強路二段170號,037-615343,20L聽裝煤油 (026,否
D426R,苑裡站,358苗栗縣苑裡鎮中山路19號,037-866747,20L聽裝煤油 (026,是
D426T,三義站,367苗栗縣三義鄉廣盛村中正路146號,037-872204,20L聽裝煤油 (026,是
D426U,大湖站,364苗栗縣大湖鄉富興村2-1號,037-991072,20L聽裝煤油 (026,是
D426V,南平路站,351苗栗縣頭份市蘆竹路270號,037-612746,20L聽裝煤油 (026,是
D426W,頭份站,351苗栗縣頭份市自強路2號,037-663242,20L聽裝煤油 (026,是
D426X,蘆竹站,351苗栗縣頭份市中華路444號,037-623740,20L聽裝煤油 (026,是
D426Y,頭份工業區站,351苗栗縣頭份市蘆竹里中華路519號,037-626224,20L聽裝煤油 (026,是
D426Z,中正路站,350苗栗縣竹南鎮中正路120號,037-463428,20L聽裝煤油 (026,是
D4273,長安站,   新竹縣湖口鄉湖口村八德路二段461號,03-5696829,20L聽裝煤油 (026,否
D4278,奕承站,300新竹市香山區景觀大道830號,03-5292057,20L聽裝煤油 (026,是
D4279,長和站,300新竹市北區經國路二段293號,03-5420762,20L聽裝煤油 (026,否
D427A,竹南站,350苗栗縣竹南鎮東平路101號,037-624865,20L聽裝煤油 (026,是
D427E,大坪站,361苗栗縣造橋鄉錦水村錦水7-30號,037-541881,20L聽裝煤油 (026,是
D427F,三灣站,352苗栗縣三灣鄉三灣村中正路7-2號,037-831137,20L聽裝煤油 (026,是
D427G,南庄站,353苗栗縣南庄鄉中正路197號,037-822401,20L聽裝煤油 (026,否
D427H,頭屋站,362苗栗縣頭屋鄉象山村198-3號,037-252723,20L聽裝煤油 (026,是
D4340,博愛路站,   嘉義市東區博愛路ㄧ段2號,05-2762353,20L聽裝煤油 (026,是
D4341,新營站,730台南市新營區開元路52號,06-6322503,20L聽裝煤油 (026,否
D4342,斗六站,640雲林縣斗六市雲林路二段334號,05-5322534,20L聽裝煤油 (026,是
D4343,信義路站,600嘉義市西區博愛路二段519號,05-2359381,20L聽裝煤油 (026,是
D4344,西螺站,648雲林縣西螺鎮大園里大同路38號,05-5862240,20L聽裝煤油 (026,是
D4345,虎尾站,632雲林縣虎尾鎮平和里光復路131號,05-6322524,20L聽裝煤油 (026,是
D4346,吳鳳路站,   嘉義市東區吳鳳南路92號,05-2224070,20L聽裝煤油 (026,是
D4347,鹽水站,737台南市鹽水區橋南里月津路53號,06-6521204,20L聽裝煤油 (026,是
D4348,白河站,732台南市白河區永安里新厝子142號,06-6852134,20L聽裝煤油 (026,否
D4349,北港站,651雲林縣北港鎮華勝路87號,05-7832618,20L聽裝煤油 (026,是
D434A,梅山站,603嘉義縣梅山鄉梅北村中山路746號,05-2622821,20L聽裝煤油 (026,是
D434G,蒜頭站,615嘉義縣六腳鄉蒜頭村1-15號,05-3802944,20L聽裝煤油 (026,否
D434J,二崙自強站,649雲林縣二崙鄉大同村大同路21號,05-5984084,20L聽裝煤油 (026,是
D434K,朴子山通路站,613嘉義縣朴子市大鄉里大?榔625號,05-3799580,20L聽裝煤油 (026,是
D434L,興嘉站,   嘉義市東區車店里上海路246號,05-2353461,20L聽裝煤油 (026,是
D434R,鹿草站,611嘉義縣鹿草鄉後堀村山仔腳59號,05-3751219,20L聽裝煤油 (026,否
D434T,褒忠站,634雲林縣褒忠鄉埔姜村三民路231號,05-6974165,20L聽裝煤油 (026,是
D434U,大林中正路站,622嘉義縣大林鎮中正路801號,05-2659202,20L聽裝煤油 (026,否
D434V,斗六南環路站,640雲林縣斗六市文化路522號,05-5339692,20L聽裝煤油 (026,否
D434W,斗南中興路站,630雲林縣斗南鎮中興路201號,05-5961172,20L聽裝煤油 (026,否
D434X,東山站,733台南市東山區東正里東勢240號,06-6800021,20L聽裝煤油 (026,是
D434Y,雲林東勢站,635雲林縣東勢鄉復興村文化路2-10號,05-6993200,20L聽裝煤油 (026,是
D434Z,北興站,600嘉義市西區自由路436號,05-2348070,20L聽裝煤油 (026,是
D4350,大林站,622嘉義縣大林鎮中正路260號,05-2652049,20L聽裝煤油 (026,否
D4351,斗南站,630雲林縣斗南鎮延平路二段165號,05-5972320,20L聽裝煤油 (026,是
D4352,朴子站,613嘉義縣朴子市南通路三段635號,05-3792364,20L聽裝煤油 (026,是
D4353,民雄站,621嘉義縣民雄鄉建國路二段329號,05-2262145,20L聽裝煤油 (026,是
D4354,柳營站,736台南市柳營區柳營路三段300號,06-6222041,20L聽裝煤油 (026,是
D4355,莿桐站,647雲林縣莿桐鄉中山路251號,05-5842054,20L聽裝煤油 (026,是
D4356,土庫站,633雲林縣土庫鎮建國路131號,05-6622644,20L聽裝煤油 (026,是
D4357,崙背站,637雲林縣崙背鄉南陽村正義路123號,05-6962049,20L聽裝煤油 (026,否
D4358,後壁站,731台南市後壁區後壁里42號,06-6871004,20L聽裝煤油 (026,否
D435A,水林站,652雲林縣水林鄉水北村顏厝寮97號,05-7854194,20L聽裝煤油 (026,是
D435F,民雄保生街站,621嘉義縣民雄鄉保生街220號,05-2268625,20L聽裝煤油 (026,是
D435H,番路站,602嘉義縣番路鄉下坑村下坑40-2號,05-2592386,20L聽裝煤油 (026,是
D435J,義和站,647雲林縣莿桐鄉義和村三和37-5號,05-5844090,20L聽裝煤油 (026,否
D435K,馬光站,633雲林縣土庫鎮後埔里後埔路500號,05-6651124,20L聽裝煤油 (026,是
D435L,北港新德路站,651雲林縣北港鎮新街里新德路27號,05-7824045,20L聽裝煤油 (026,是
D435R,石卓站,604嘉義縣竹崎鄉中和村永和1-1號,05-2561944,20L聽裝煤油 (026,是
D435U,民工站,621嘉義縣民雄鄉福樂村中山路37號,05-2206537,20L聽裝煤油 (026,否
D4360,新港站,616嘉義縣新港鄉菜公村菜公厝64-1號,05-3742054,20L聽裝煤油 (026,是
D4362,林內站,643雲林縣林內鄉林中村中正路532號,05-5892048,20L聽裝煤油 (026,是
D4364,虎尾新生路站,632雲林縣虎尾鎮新生路155號,05-6322812,20L聽裝煤油 (026,是
D4365,二崙站,649雲林縣二崙鄉崙東村中山路一段102號,05-5982056,20L聽裝煤油 (026,是
D4366,中山路站,   嘉義市東區中山路90號,05-2789320,20L聽裝煤油 (026,是
D4367,四湖站,654雲林縣四湖鄉施湖村中山西路199號,05-7872053,20L聽裝煤油 (026,否
D4368,林森路站,600嘉義市西區林森西路281號,05-2279744,20L聽裝煤油 (026,否
D4369,三民路站,730台南市新營區三民路61號,06-6323343,20L聽裝煤油 (026,是
D436A,馬公站,880澎湖縣馬公市民福路18號,06-9272595,20L聽裝煤油 (026,是
D436J,池東站,881澎湖縣西嶼鄉池東村2-1號,06-9982265,20L聽裝煤油 (026,否
D4370,麥寮站,638雲林縣麥寮鄉麥豐村中山路12號,05-6932174,20L聽裝煤油 (026,是
D4371,台西站,636雲林縣台西鄉中山路36號,05-6982124,20L聽裝煤油 (026,否
D4372,元長站,655雲林縣元長鄉長南村中山路４號,05-7882170,20L聽裝煤油 (026,否
D4373,古坑站,646雲林縣古坑鄉西平村中山路291號,05-5821534,20L聽裝煤油 (026,否
D4374,竹崎站,604嘉義縣竹崎鄉和平村田寮52號,05-2611714,20L聽裝煤油 (026,否
D4376,口湖站,653雲林縣口湖鄉湖東村中正路一段99號,05-7892504,20L聽裝煤油 (026,否
D4378,溪口站,623嘉義縣溪口鄉溪東村民族西路１號,05-2691700,20L聽裝煤油 (026,否
D4379,中埔站,606嘉義縣中埔鄉中埔村中埔161-4號,05-2532046,20L聽裝煤油 (026,否
D438H,明華站,622嘉義縣大林鎮忠孝路343號,05-2658360,20L聽裝煤油 (026,是
D438J,東和站,646雲林縣古坑鄉東和村12鄰廣濟路122號,05-5264966,20L聽裝煤油 (026,是
D4390,橋南站,638雲林縣麥寮鄉橋頭村1鄰橋頭34號,05-6913386,20L聽裝煤油 (026,否
D4397,嘉保站,   嘉義縣太保市安仁里嘉朴東路1段116號,05-3623558,20L聽裝煤油 (026,是
D4398,大義路站,   嘉義縣中埔鄉和美村大義路515號,05-2300875,20L聽裝煤油 (026,是
D439L,白河交流道站,   台南市白河區河東里9鄰糞箕湖122之15號,06-6831091,20L聽裝煤油 (026,是
D43W2,雅虎站,   雲林縣斗六市虎溪里西平路776號,05-5514796,20L聽裝煤油 (026,否
D43W4,嘉義高鐵北站,600嘉義市西區大溪里高鐵大道1250號,05-2383460,20L聽裝煤油 (026,否
D43W5,嘉義高鐵南站,600嘉義市西區大溪里高鐵大道925號,05-2382079,20L聽裝煤油 (026,是
D43W7,朴子二站,613嘉義縣朴子市大鄉里大?榔852號,05-3704635,20L聽裝煤油 (026,是
D43W8,梅山二站,603嘉義縣梅山鄉過山村7鄰開元后46號,05-2625102,20L聽裝煤油 (026,否
D43X5,阿里山新站,605嘉義縣阿里山鄉南阿里山55-5號,05-2679058,20L聽裝煤油 (026,是
D43X6,新營長榮路站,730台南市新營區長榮路2段186號,06-6560662,20L聽裝煤油 (026,是
D43X8,嘉港站,600嘉義市西區下埤里北港路960號,05-2382012,20L聽裝煤油 (026,是
D504I,公園路站,704台南市北區公園路721號,06-2517454,20L聽裝煤油 (026,是
D504P,路竹站,821高雄市路竹區中山路589號,07-6962240,20L聽裝煤油 (026,是
D504Q,隆田站,720台南市官田區隆本里中華路二段23號,06-5791257,20L聽裝煤油 (026,否
D504S,新化站,712台南市新化區中山路575號,06-5982150,20L聽裝煤油 (026,是
D505B,麻豆站,721台南市麻豆區中山路13號,06-5722254,20L聽裝煤油 (026,是
D505C,永康站,710台南市永康區蔦松里中正北路348號,06-2433157,20L聽裝煤油 (026,是
D505D,學甲站,726台南市學甲區華宗路311號,06-7832264,20L聽裝煤油 (026,是
D505E,前鋒站,704台南市北區前鋒路283號,06-2082162,20L聽裝煤油 (026,是
D505I,大灣站,710台南市永康區建國里復興路69號,06-2724010,20L聽裝煤油 (026,是
D505N,茄拔站,741台南市善化區嘉北里茄拔2-30號,06-5838334,20L聽裝煤油 (026,否
D505W,中華路西站,701台南市東區中華東路三段170號,06-2673501,20L聽裝煤油 (026,是
D505X,官田工業區站,720台南市官田區二鎮里工業路23-1號,06-6987265,20L聽裝煤油 (026,否
D505Z,佳里仁愛路站,722台南市佳里區仁愛路67號,06-7229504,20L聽裝煤油 (026,是
D506B,大湖站,829高雄市湖內區大湖里中山路一段72號,07-6931793,20L聽裝煤油 (026,是
D506C,安中路站,709台南市安南區安中路四段446號,06-2569825,20L聽裝煤油 (026,否
D506I,崇善路站,701台南市東區崇善路557號,06-2697873,20L聽裝煤油 (026,是
D506N,中華西路南站,700台南市中西區中華西路二段2號,06-2970350,20L聽裝煤油 (026,是
D506P,善化站,741台南市善化區中山路368號,06-5817264,20L聽裝煤油 (026,是
D506Q,下營站,735台南市下營區中山路一段386號,06-6892054,20L聽裝煤油 (026,是
D506R,文賢路站,700台南市中西區文賢路229號,06-2591749,20L聽裝煤油 (026,是
D506S,西港站,723台南市西港區西港里中山路52號,06-7952124,20L聽裝煤油 (026,是
D506T,東門路站,701台南市東區東門路二段39號,06-2371994,20L聽裝煤油 (026,是
D506U,太爺站,829高雄市湖內區公館里中山路二段61號,07-6993073,20L聽裝煤油 (026,是
D506V,阿蓮站,822高雄市阿蓮區阿蓮里中山路351號,07-6312139,20L聽裝煤油 (026,是
D506W,仁德站,717台南市仁德區中山路505號,06-2794451,20L聽裝煤油 (026,是
D506X,玉井站,714台南市玉井區玉田里中山路91號,06-5742476,20L聽裝煤油 (026,是
D506Y,關廟站,718台南市關廟區中山路二段166號,06-5952131,20L聽裝煤油 (026,是
D506Z,慶平路站,708台南市安平區慶平路485號,06-2970189,20L聽裝煤油 (026,否
D507A,健康路站,   台南市安平區健康路三段238號,06-2997901,20L聽裝煤油 (026,否
D507B,灣裡站,702台南市南區明興路1081號,06-2626810,20L聽裝煤油 (026,否
D507C,國民路站,702台南市南區國民路246號,06-2601380,20L聽裝煤油 (026,否
D507D,中油南科站,744台南市新市區南科二路3號,06-5051229,20L聽裝煤油 (026,是
D507E,麻學站,721台南市麻豆區大山里大山腳67-25號,06-5700735,20L聽裝煤油 (026,是
D507H,成功路站,704台南市北區成功路16號,06-2222894,20L聽裝煤油 (026,是
D507J,和順站,709台南市安南區安和路四段335號,06-3559301,20L聽裝煤油 (026,否
D507K,南化站,716台南市南化區南化里217號,06-5771128,20L聽裝煤油 (026,否
D507L,六甲站,734台南市六甲區水林里中山路446號,06-6982404,20L聽裝煤油 (026,否
D507M,七股站,724台南市七股區玉成里玉成18-2號,06-7872248,20L聽裝煤油 (026,是
D507N,大同路站,702台南市南區大同路二段380號,06-2153503,20L聽裝煤油 (026,是
D507P,楠西站,715台南市楠西區東勢里中正路359號,06-5751427,20L聽裝煤油 (026,是
D507R,新市站,744台南市新市區港墘里中山路156號,06-5991020,20L聽裝煤油 (026,是
D507S,將軍站,725台南市將軍區忠興里忠興162-1號,06-7942205,20L聽裝煤油 (026,否
D507T,歸仁站,711台南市歸仁區中山路三段201號,06-2301003,20L聽裝煤油 (026,是
D507V,山上站,743台南市山上區明和里232號,06-5781556,20L聽裝煤油 (026,否
D507W,甲仙站,847高雄市甲仙區大田里新興路55號,07-6751555,20L聽裝煤油 (026,是
D507X,安順站,709台南市安南區安中路一段650號,06-2569187,20L聽裝煤油 (026,否
D507Y,中油安定交流道站,745台南市安定區安加里安定258-12號,06-5921844,20L聽裝煤油 (026,是
D507Z,茄萣站,852高雄市茄萣區白雲里白砂路6號,07-6902849,20L聽裝煤油 (026,是
D5094,烏山頭交流道站,720台南市官田區嘉南里嘉南78之15號,06-6990026,20L聽裝煤油 (026,是
D509B,育平路站,708台南市安平區育平路80號,06-2933845,20L聽裝煤油 (026,是
D509C,光州站,   台南市安平區永華路二段1255號,06-2999156,20L聽裝煤油 (026,否
D509F,仁德服務區北上站,   台南市仁德區中洲里中洲1之96號,06-2782879,20L聽裝煤油 (026,否
D50W1,歸仁高鐵站,   台南市歸仁區武東里中正南路二段11號,06-3032093,20L聽裝煤油 (026,否
D50W6,西拉雅站,744台南市新市區三舍里三舍239號,06-5899042,20L聽裝煤油 (026,是
D50W9,安平古堡站,700台南市中西區西賢里31鄰民權路四段730號,06-3587703,20L聽裝煤油 (026,是
D5140,建國二路站,807高雄市三民區建國二路66號,07-2383484,20L聽裝煤油 (026,是
D5143,枋寮站,940屏東縣枋寮鄉新龍村中山路319號,08-8782060,20L聽裝煤油 (026,是
D5144,運河南路站,801高雄市前金區河南二路87號,07-2850458,20L聽裝煤油 (026,否
D5145,岡山站,820高雄市岡山區岡山南路45號,07-6252450,20L聽裝煤油 (026,是
D5146,後勁站,811高雄市楠梓區後昌路200號,07-3613018,20L聽裝煤油 (026,是
D5147,左營站,813高雄市左營區中華一路2-11號,07-5825621,20L聽裝煤油 (026,是
D5148,楠梓站,811高雄市楠梓區高楠公路1376號,07-3511761,20L聽裝煤油 (026,是
D514A,中正二路站,800高雄市新興區中正二路166號,07-2241235,20L聽裝煤油 (026,是
D514E,鼓山三路站,804高雄市鼓山區鼓山三路5-1號,07-5612463,20L聽裝煤油 (026,否
D514F,三多三路站,802高雄市苓雅區三多三路264號,07-3335774,20L聽裝煤油 (026,是
D514G,林園站,832高雄市林園區林園北路350號,07-6412285,20L聽裝煤油 (026,是
D514J,中華三路站,801高雄市前金區中華三路136號,07-2851354,20L聽裝煤油 (026,是
D514K,建工路站,807高雄市三民區建工路566號,07-3832928,20L聽裝煤油 (026,是
D514L,五甲站,830高雄市鳳山區五甲一路232號,07-7460364,20L聽裝煤油 (026,否
D514M,中正路站,900屏東縣屏東市中正路375號,08-7364224,20L聽裝煤油 (026,是
D514N,高樹站,906屏東縣高樹鄉長榮村興中路170號,08-7962205,20L聽裝煤油 (026,是
D514R,山東街站,807高雄市三民區山東街70號,07-3118164,20L聽裝煤油 (026,是
D514T,臨海工業區站,812高雄市小港區沿海二路2號,07-8010873,20L聽裝煤油 (026,是
D514U,鹽埔站,907屏東縣鹽埔鄉鹽中村勝利路25號,08-7932507,20L聽裝煤油 (026,是
D514V,萬巒站,923屏東縣萬巒鄉萬巒村中正路5-2號,08-7811648,20L聽裝煤油 (026,否
D514W,佳冬站,931屏東縣佳冬鄉六根村佳和路145號,08-8662004,20L聽裝煤油 (026,否
D514X,南州站,926屏東縣南州鄉七塊村三民路270號,08-8642298,20L聽裝煤油 (026,是
D514Y,大寮站,831高雄市大寮區永芳里鳳林三路616號,07-7813631,20L聽裝煤油 (026,是
D514Z,鳳松站,830高雄市鳳山區武松里鳳松路178-5號,07-7431562,20L聽裝煤油 (026,否
D5150,內埔站,912屏東縣內埔鄉東寧村南寧路422號,08-7792077,20L聽裝煤油 (026,是
D5151,旗山站,842高雄市旗山區復新街17號,07-6612044,20L聽裝煤油 (026,否
D5152,潮州站,   屏東縣潮州鎮三和里延平路217號,08-7882044,20L聽裝煤油 (026,是
D5153,前鎮站,806高雄市前鎮區擴建路1-1號,07-8213719,20L聽裝煤油 (026,否
D5154,成功一路站,801高雄市前金區成功一路384號,07-2218734,20L聽裝煤油 (026,是
D5155,鳳山站,830高雄市鳳山區中山東路10號,07-7462492,20L聽裝煤油 (026,否
D5156,忠孝路站,900屏東縣屏東市忠孝路209-1號,08-7337759,20L聽裝煤油 (026,是
D5157,東港站,928屏東縣東港鎮興東里中正路一段85號,08-8322352,20L聽裝煤油 (026,是
D5159,美濃站,843高雄市美濃區和合里成功路133號,07-6812044,20L聽裝煤油 (026,是
D515A,林森二路站,800高雄市新興區新田路82號,07-2819638,20L聽裝煤油 (026,否
D515E,瑞豐站,806高雄市前鎮區瑞福路2號,07-7610629,20L聽裝煤油 (026,否
D515F,燕巢站,824高雄市燕巢區南燕里中興路199號,07-6161704,20L聽裝煤油 (026,是
D515H,林園沿海路站,832高雄市林園區港埔里沿海路四段1號,07-6417604,20L聽裝煤油 (026,否
D515L,梓官站,826高雄市梓官區梓和里和平路317號,07-6173555,20L聽裝煤油 (026,是
D515R,長治站,908屏東縣長治鄉崙上村中興路549號,08-7622443,20L聽裝煤油 (026,是
D515U,新園站,932屏東縣新園鄉內庄村興安路54號,08-8684312,20L聽裝煤油 (026,否
D515V,潮星站,920屏東縣潮州鎮三星里潮州路730號,08-7894008,20L聽裝煤油 (026,是
D515X,四維三路站(愛心站),802高雄市苓雅區永定街93號,07-3330396,20L聽裝煤油 (026,否
D515Y,民權路站,806高雄市前鎮區一心一路291號,07-3316290,20L聽裝煤油 (026,否
D5160,里港站,905屏東縣里港鄉大平村中山南路25號,08-7752054,20L聽裝煤油 (026,是
D5161,恆春站,946屏東縣恆春鎮網紗里省北路7號,08-8892635,20L聽裝煤油 (026,是
D5163,萬丹站,913屏東縣萬丹鄉萬丹路一段399號,08-7772142,20L聽裝煤油 (026,是
D5164,橋頭站,825高雄市橋頭區橋頭里成功北路15號,07-6113644,20L聽裝煤油 (026,是
D5165,高鳳站,802高雄市苓雅區建國一路3號,07-7491901,20L聽裝煤油 (026,是
D5166,中正三路站,800高雄市新興區中正三路9號,07-2261045,20L聽裝煤油 (026,否
D5167,三多二路站,802高雄市苓雅區三多二路80號,07-7618709,20L聽裝煤油 (026,是
D5169,大義街站,803高雄市鹽埕區大義街56-1號,07-5518163,20L聽裝煤油 (026,是
D516F,覺民路站,807高雄市三民區覺民路362號,07-3869992,20L聽裝煤油 (026,否
D516K,鼎山路站,807高雄市三民區鼎山街373號,07-3839681,20L聽裝煤油 (026,是
D516L,墾丁站,946屏東縣恆春鎮墾丁里墾丁路402號,08-8861408,20L聽裝煤油 (026,是
D516N,右昌軍校路站,811高雄市楠梓區軍校路737號,07-3637331,20L聽裝煤油 (026,是
D516R,內門站,845高雄市內門區南屏路125號,07-6671661,20L聽裝煤油 (026,否
D516T,和生路站,900屏東縣屏東市橋南里和生路一段560號,08-7536740,20L聽裝煤油 (026,是
D516U,九如東寧站,904屏東縣九如鄉東寧村九如路一段16號,08-7390078,20L聽裝煤油 (026,是
D516V,南鼓山站,804高雄市鼓山區捷興二街46號,07-5517556,20L聽裝煤油 (026,是
D516W,楠梓加工區站,811高雄市楠梓區經五路125號(備註：週日及國定假日歇業),07-3630096,20L聽裝煤油 (026,是
D5171,建國一路站,802高雄市苓雅區建國一路142號,07-7518715,20L聽裝煤油 (026,否
D5173,復興路站,900屏東縣屏東市復興路261號,08-7525421,20L聽裝煤油 (026,是
D5174,青年路站,802高雄市苓雅區民權一路105號,07-3352549,20L聽裝煤油 (026,否
D5175,新埤站,925屏東縣新埤鄉新埤村新中路74號,08-7971017,20L聽裝煤油 (026,是
D5176,仁武站,814高雄市仁武區鳳仁路282號,07-3711361,20L聽裝煤油 (026,是
D5177,九曲堂站,831高雄市大寮區義和里鳳屏二路297號,07-6512175,20L聽裝煤油 (026,是
D5178,小港站,812高雄市小港區大業北路45號,07-8023938,20L聽裝煤油 (026,是
D5179,六龜站,844高雄市六龜區光復路308號,07-6891059,20L聽裝煤油 (026,否
D517F,南一路站,806高雄市前鎮區漁港南一路19-1號,07-8153105,20L聽裝煤油 (026,是
D517K,大豐站,   屏東縣屏東市前進里建國路410號,08-7534011,20L聽裝煤油 (026,是
D517N,大林站,812高雄市小港區鳳華路1號,07-8714612,20L聽裝煤油 (026,否
D518E,本洲站,828高雄市永安區維新里維新路18-1號,07-6233026,20L聽裝煤油 (026,是
D6140,港口站,970花蓮縣花蓮市吉林路2號,03-8228640,20L聽裝煤油 (026,是
D6141,中華路站,970花蓮縣花蓮市中華路333號,03-8323424,20L聽裝煤油 (026,否
D6142,玉里站,981花蓮縣玉里鎮大同路219號,03-8882307,20L聽裝煤油 (026,是
D6143,太魯閣站,972花蓮縣秀林鄉富世村154-1號,03-8611009,20L聽裝煤油 (026,是
D6144,光復站,976花蓮縣光復鄉中山路二段340號,03-8701070,20L聽裝煤油 (026,否
D6145,鳳林站,975花蓮縣鳳林鎮中正路一段371號,03-8762114,20L聽裝煤油 (026,是
D6146,南埔站,973花蓮縣吉安鄉仁和村中正路二段6號,03-8522853,20L聽裝煤油 (026,否
D6147,瑞穗站,978花蓮縣瑞穗鄉瑞穗村2鄰中正南路一段105號,03-8872201,20L聽裝煤油 (026,否
D6151,中山路站,970花蓮縣花蓮市中山路752號,03-8561117,20L聽裝煤油 (026,是
D6155,馬太鞍站,976花蓮縣光復鄉林森路300號,03-8700125,20L聽裝煤油 (026,否
D615B,巨豐站,973花蓮縣吉安鄉勝安村和平路一段45號,03-8462947,20L聽裝煤油 (026,是
D615C,廣昇站,974花蓮縣壽豐鄉中山路6段123號,03-8653829,20L聽裝煤油 (026,是
D6160,羅東站,268宜蘭縣五結鄉中正路二段94號,03-9654651,20L聽裝煤油 (026,是
D6161,宜蘭站,260宜蘭縣宜蘭市中山路五段139號,039-282621,20L聽裝煤油 (026,是
D6162,蘇澳站,270宜蘭縣蘇澳鎮中山路一段196號,03-9963524,20L聽裝煤油 (026,是
D6163,中正南路站,265宜蘭縣羅東鎮中正南路9號,039-543031,20L聽裝煤油 (026,否
D6164,礁溪站,262宜蘭縣礁溪鄉礁溪路六段28號,039-882170,20L聽裝煤油 (026,是
D6165,員山站,264宜蘭縣員山鄉員山路一段31號,039-223041,20L聽裝煤油 (026,是
D6166,頭城站,261宜蘭縣頭城鎮開蘭路300號,03-9771644,20L聽裝煤油 (026,是
D6167,三星站,266宜蘭縣三星鄉三星路四段235號,039-892219,20L聽裝煤油 (026,是
D6168,壯圍站,263宜蘭縣壯圍鄉吉祥村壯五路391號,039-381161,20L聽裝煤油 (026,是
D6169,馬賽站,270宜蘭縣蘇澳鎮蘇濱路二段459號,03-9905422,20L聽裝煤油 (026,是
D616B,南方澳站,270宜蘭縣蘇澳鎮南安里漁港路52-1號,039-962209,20L聽裝煤油 (026,否
D616C,新水站,268宜蘭縣五結鄉五濱路二段206號,039-504374,20L聽裝煤油 (026,是
D616D,冬山站,269宜蘭縣冬山鄉冬山路二段260號,039-591316,20L聽裝煤油 (026,是
D616E,大福站,263宜蘭縣壯圍鄉壯濱路五段310號,039-301864,20L聽裝煤油 (026,是
D616F,大同站,267宜蘭縣大同鄉崙埤村泰雅路1段92號,039-801181,20L聽裝煤油 (026,否
D616G,北關站,261宜蘭縣頭城鎮濱海路三段326號,039-776128,20L聽裝煤油 (026,是
D616H,南山站,267宜蘭縣大同鄉南山村泰雅路7段226號,039-809050,20L聽裝煤油 (026,是
D616I,九份站,269宜蘭縣冬山鄉冬山路五段165號,039-584810,20L聽裝煤油 (026,是
D6170,馬蘭站,950台東縣台東市更生路653號,089-226401,20L聽裝煤油 (026,是
D6171,中山路站,950台東縣台東市新生路136號,089-323132,20L聽裝煤油 (026,是
D6173,關山站,956台東縣關山鎮和平路24號,089-811124,20L聽裝煤油 (026,否
D6174,池上站,958台東縣池上鄉福原村中山路25號,089-862634,20L聽裝煤油 (026,是
D6175,太麻里站,963台東縣太麻里鄉泰和村1鄰太麻里街157號,089-781303,20L聽裝煤油 (026,是
D6176,長濱站,962台東縣長濱鄉長濱村124號,089-831027,20L聽裝煤油 (026,是
D6177,大武站,965台東縣大武鄉尚武村尚武路8號,089-791453,20L聽裝煤油 (026,否
D6179,鹿野站,955台東縣鹿野鄉鹿野村中華路2段169號,089-551124,20L聽裝煤油 (026,是
D617D,卑南站,950台東縣台東市更生北路20號,089-222010,20L聽裝煤油 (026,是
D617F,初鹿站,954台東縣卑南鄉明峰村13鄰忠孝路32號,089-571742,20L聽裝煤油 (026,是
D2041,八堵加油加氣站,205基隆市暖暖區八堵路158號,02-24560524,4L聽裝煤油 (025,是
D2042,中正三路站,202基隆市中正區中正路459號,02-24622381,4L聽裝煤油 (025,是
D2044,祥豐街站,202基隆市中正區祥豐街108號,02-24627356,4L聽裝煤油 (025,是
D2045,金山站,208新北市金山區中山路385號,02-24982553,4L聽裝煤油 (025,是
D2046,萬里站,207新北市萬里區龜吼里美崙31-1號,02-24922019,4L聽裝煤油 (025,是
D2047,六堵站,206基隆市七堵區明德二路28號,02-24512006,4L聽裝煤油 (025,是
D2048,瑞芳站,224新北市瑞芳區中山路200號,02-24972341,4L聽裝煤油 (025,是
D2049,成功一路站,200基隆市仁愛區成功一路105號,02-24316683,4L聽裝煤油 (025,是
D2050,西定路站,203基隆市中山區西定路190號,02-24226918,4L聽裝煤油 (025,是
D2052,三芝站,252新北市三芝區埔頭里31鄰埔頭15號,02-26362403,4L聽裝煤油 (025,是
D2053,安樂站,204基隆市安樂區麥金路441號,02-24311788,4L聽裝煤油 (025,否
D2054,澳底站,228新北市貢寮區真理里美艷山街6-2號,02-24901501,4L聽裝煤油 (025,是
D2055,海濱站,224新北市瑞芳區海濱路157-2號,02-24973124,4L聽裝煤油 (025,是
D2056,碇內站,205基隆市暖暖區源遠路157號,02-24577214,4L聽裝煤油 (025,是
D2057,北寧路站,202基隆市中正區北寧路37號,02-24628621,4L聽裝煤油 (025,是
D2058,大武崙站,204基隆市安樂區基金三路2-1號,02-24321537,4L聽裝煤油 (025,是
D2059,八德路站,206基隆市七堵區八德路2-15號,02-24562643,4L聽裝煤油 (025,是
D2060,保長坑站,221新北市汐止區大同路三段186-1號,02-86485318,4L聽裝煤油 (025,是
D2061,東明路站,201基隆市信義區東明路138號,02-24660611,4L聽裝煤油 (025,是
D2140,中崙站,104台北市中山區八德路二段214號,02-27712548,4L聽裝煤油 (025,是
D2141,三重重新路站,241新北市三重區重新路五段495號,02-29953683,4L聽裝煤油 (025,否
D2142,北投站,112台北市北投區承德路七段384號,02-28201203,4L聽裝煤油 (025,是
D2144,基隆路站,106台北市大安區基隆路二段162號,02-27383992,4L聽裝煤油 (025,是
D2146,汐止站,221新北市汐止區大同路一段353號,02-26412246,4L聽裝煤油 (025,是
D2147,社子站,111台北市士林區重慶北路四段198號,02-28122647,4L聽裝煤油 (025,是
D2149,民權西路站,103台北市大同區民權西路194號,02-25575809,4L聽裝煤油 (025,是
D214F,菜寮站,241新北市三重區重新路三段157號,02-29843153,4L聽裝煤油 (025,是
D214G,福林站 ,111台北市士林區中山北路五段465號,02-28812420,4L聽裝煤油 (025,是
D214H,中央北路站,112台北市北投區中央北路四段584號,02-28913744,4L聽裝煤油 (025,是
D214J,寶橋站,231新北市新店區寶橋路219號,02-29111965,4L聽裝煤油 (025,是
D214K,龍安站,106台北市大安區和平東路二段2號,02-23631735,4L聽裝煤油 (025,是
D214L,百齡四路加油加氣站,112台北市北投區承德路六段427號,02-28201427,4L聽裝煤油 (025,是
D214M,忠孝東路站,105台北市信義區忠孝東路五段69號,02-27622418,4L聽裝煤油 (025,是
D214N,坪林站,232新北市坪林區北宜路八段61號,02-26656081,4L聽裝煤油 (025,是
D214R,內湖站,114台北市內湖區民權東路六段50號,02-27920678,4L聽裝煤油 (025,是
D214T,八里站,249新北市八里區中山路一段1號,02-26104191,4L聽裝煤油 (025,是
D214X,西湖,114台北市內湖區內湖路一段59號,02-27992147,4L聽裝煤油 (025,是
D214Y,建國北路站,104台北市中山區建國北路三段91號之1,02-25014338,4L聽裝煤油 (025,是
D214Z,新莊站,242新北市新莊區中正路338號,02-29965736,4L聽裝煤油 (025,是
D2150,木柵站,116台北市文山區木柵路三段2號,02-29392990,4L聽裝煤油 (025,是
D2151,萬隆站,116台北市文山區興隆路一段13號,02-29312829,4L聽裝煤油 (025,是
D2152,中和站,235新北市中和區中和路260號,02-22493364,4L聽裝煤油 (025,是
D2153,淡水站,251新北市淡水區中正東路1號,02-26212343,4L聽裝煤油 (025,是
D2154,金山南路站,106台北市大安區金山南路二段77號,02-23518346,4L聽裝煤油 (025,是
D2156,陽明山站,111台北市士林區陽明山格致路3號,02-28616052,4L聽裝煤油 (025,是
D2157,復興北路站,105台北市松山區復興北路31號,02-27112342,4L聽裝煤油 (025,是
D2158,泰山站,243新北市泰山區泰林路二段424號,02-29097921,4L聽裝煤油 (025,是
D2159,新生南路站,106台北市大安區仁愛路三段1號,02-27112316,4L聽裝煤油 (025,是
D215A,屈尺站,231新北市新店區新烏路2段202號,02-26668137,4L聽裝煤油 (025,是
D215E,林口站,244新北市林口區中山路１號,02-26015017,4L聽裝煤油 (025,是
D215H,板橋民族路站,220新北市板橋區民族路90號,02-29536247,4L聽裝煤油 (025,是
D215J,南港站,115台北市南港區南港路二段50號,02-27822408,4L聽裝煤油 (025,是
D215K,蘆洲站,   新北市蘆洲區三民路99號,02-22812333,4L聽裝煤油 (025,是
D215L,環河南路站,108台北市萬華區環河南路二段274之2及177之1,02-23040528,4L聽裝煤油 (025,是
D215M,三峽站,237新北市三峽區介壽路一段193號,02-26711123,4L聽裝煤油 (025,否
D215N,鶯歌站,239新北市鶯歌區文化路152號,02-26792944,4L聽裝煤油 (025,是
D215R,新店北新路站,231新北市新店區北新路一段90號,02-29180305,4L聽裝煤油 (025,否
D215T,莒光路站,100台北市中正區莒光路2號,02-23028385,4L聽裝煤油 (025,是
D215V,泰新加油加氣站,243新北市泰山區新北大道五段1號,02-29094220,4L聽裝煤油 (025,是
D215W,東湖站,114台北市內湖區康寧路三段225號,02-26311524,4L聽裝煤油 (025,是
D215X,新莊大漢橋站,242新北市新莊區思源路41-1號,02-29977573,4L聽裝煤油 (025,是
D215Y,鶯桃路站,239新北市鶯歌區建國路608號,02-26792083,4L聽裝煤油 (025,是
D215Z,三多站,   新北市樹林區中正路433號,02-26886405,4L聽裝煤油 (025,是
D2160,樹林站,   新北市樹林區樹新路207號,02-26812405,4L聽裝煤油 (025,是
D2161,二重站,241新北市三重區重新路五段652號,02-29950790,4L聽裝煤油 (025,是
D2162,桂林路站,108台北市萬華區桂林路53號,02-23819053,4L聽裝煤油 (025,是
D2163,信義路站,106台北市大安區信義路四段374號,02-27081235,4L聽裝煤油 (025,是
D2164,汀州路站,100台北市中正區汀州路三段１號,02-23655595,4L聽裝煤油 (025,是
D2165,民生東路站,105台北市松山區三民路126號,02-27671664,4L聽裝煤油 (025,是
D2167,松山路站,110台北市信義區松山路480號,02-27297328,4L聽裝煤油 (025,是
D2168,文林路站,111台北市士林區文林路100號,02-28817934,4L聽裝煤油 (025,是
D2169,富陽街站,106台北市大安區富陽街129號,02-27324229,4L聽裝煤油 (025,是
D216A,吉林路站,104台北市中山區吉林路31號,02-25417952,4L聽裝煤油 (025,是
D216F,永和永利路站,234新北市永和區永利路69號,02-29212541,4L聽裝煤油 (025,是
D216H,蘆洲中山二路站,   新北市蘆洲區中山二路309號,02-22859867,4L聽裝煤油 (025,是
D216J,大埔站,237新北市三峽區中正路二段165號,02-26710050,4L聽裝煤油 (025,是
D216K,五股工業區站,242新北市新莊區五工路99-3號(周日營業時間:09~18),02-22980057,4L聽裝煤油 (025,是
D216L,大直站,104台北市中山區明水路661號,02-25320154,4L聽裝煤油 (025,是
D216R,埔墘站,220新北市板橋區中山路二段320號,02-29553436,4L聽裝煤油 (025,是
D216U,內湖麗山街站,114台北市內湖區內湖路一段362號,02-26577339,4L聽裝煤油 (025,是
D216V,淡海新市鎮站,251新北市淡水區埤島里二鄰淡金路2段599號,02-26228923,4L聽裝煤油 (025,是
D216Y,安康加油加氣站,   台北市內湖區安康路284號(加氣部份暫停營業),02-27909413,4L聽裝煤油 (025,是
D2170,五股站,248新北市五股區中興路四段21號,02-22917541,4L聽裝煤油 (025,是
D2171,重陽路,241新北市三重區忠孝路一段１號,02-29718645,4L聽裝煤油 (025,是
D2172,新生北路站,104台北市中山區新生北路二段71號,02-25815206,4L聽裝煤油 (025,是
D2173,土城廣福路站,236新北市土城區四川路１號,02-89672580,4L聽裝煤油 (025,是
D2174,土城站,236新北市土城區中央路二段280號,02-22602808,4L聽裝煤油 (025,是
D2176,光復北路站,105台北市松山區光復北路13號,02-27674900,4L聽裝煤油 (025,是
D2177,大豐站,231新北市新店區北新路二段205號,02-29117053,4L聽裝煤油 (025,否
D2178,林森北路站,104台北市中山區林森北路11號,02-23410686,4L聽裝煤油 (025,是
D2179,積穗站,235新北市中和區中山路二段550號,02-22219719,4L聽裝煤油 (025,是
D217F,新店中正路站,   新北市新店區中正路470號,02-22192678,4L聽裝煤油 (025,是
D217J,蘆洲三民路站,247新北市蘆洲區三民路550號,02-22890485,4L聽裝煤油 (025,是
D217K,濱江大直橋加油加氣站,105台北市松山區濱江街373號,02-25177975,4L聽裝煤油 (025,是
D234C,武陵站,330桃園市桃園區中山路1020號,03-3604492,4L聽裝煤油 (025,是
D234D,中山路站,330桃園市桃園區中山路522號,03-3323504,4L聽裝煤油 (025,是
D234F,迴龍站,333桃園市龜山區龍壽里萬壽路一段383號,02-82093915,4L聽裝煤油 (025,是
D234G,林口工三,333桃園市龜山區樂善里文化一路33號,03-3282232,4L聽裝煤油 (025,是
D234H,龜山站,333桃園市龜山區萬壽路二段640號,03-3296223,4L聽裝煤油 (025,是
D234M,蘆竹站,338桃園市蘆竹區錦興里中正路342號,03-3224714,4L聽裝煤油 (025,是
D234N,三民路站,330桃園市桃園區三民路一段150號,03-3348425,4L聽裝煤油 (025,是
D234T,桃園機場第三站,337桃園市大園區埔心里航勤南路2號,03-3834374,4L聽裝煤油 (025,是
D234V,大園站,337桃園市大園區中正東路58號,03-3862243,4L聽裝煤油 (025,是
D234W,大竹站,338桃園市蘆竹區大竹里大竹路503號,03-3232425,4L聽裝煤油 (025,是
D234X,春日路站,330桃園市桃園區春日路971號,03-3550381,4L聽裝煤油 (025,是
D234Y,平鎮站,324桃園市平鎮區延平路二段152號,03-4934734,4L聽裝煤油 (025,是
D234Z,埔心站,326桃園市楊梅區中山北路二段308號,03-4826370,4L聽裝煤油 (025,是
D235A,楊梅站,326桃園市楊梅區中山路96號,03-4782205,4L聽裝煤油 (025,是
D235C,梅溪加油加氣站,326桃園市楊梅區中山北路一段391號,03-4782632,4L聽裝煤油 (025,是
D235D,新富站,   桃園市平鎮區新富里中豐路一段298號,03-4573401,4L聽裝煤油 (025,是
D235E,建龍站,325桃園市龍潭區烏林里中豐路716號,03-4792578,4L聽裝煤油 (025,否
D235F,新坡站,328桃園市觀音區大同里中山路二段794號,03-2825887,4L聽裝煤油 (025,是
D235G,新屋站,327桃園市新屋區中山路85號,03-4772644,4L聽裝煤油 (025,是
D235H,觀音站,328桃園市觀音區廣興里中山路一段166號,03-4735944,4L聽裝煤油 (025,是
D235J,龍潭站,325桃園市龍潭區北龍路264號,03-4792614,4L聽裝煤油 (025,是
D235K,富岡站,326桃園市楊梅區民富路三段574號,03-4722045,4L聽裝煤油 (025,否
D235L,介壽路站,330桃園市桃園區介壽路324號,03-3615070,4L聽裝煤油 (025,是
D235M,八德站,   桃園市八德區竹園里長興路556號,03-3651042,4L聽裝煤油 (025,是
D235N,茄苳站,   桃園市八德區茄苳里中華路575號,03-3696978,4L聽裝煤油 (025,是
D235Q,中壢工業區加油加氣站,320桃園市中壢區中華路二段230號,03-4521948,4L聽裝煤油 (025,是
D235R,中壢工二站,320桃園市中壢區吉林路37巷15號,03-4620443,4L聽裝煤油 (025,是
D235T,中壢站,320桃園市中壢區延平路33號,03-4522044,4L聽裝煤油 (025,是
D235U,龍岡站,320桃園市中壢區環中東路二段659號,03-4592501,4L聽裝煤油 (025,是
D235V,大溪站,335桃園市大溪區瑞興里20鄰瑞安路一段268號,03-3801304,4L聽裝煤油 (025,是
D235X,慈湖站,335桃園市大溪區復興路一段970號,03-3881410,4L聽裝煤油 (025,是
D235Y,復興站,336桃園市復興區澤仁里中正路267號,03-3822939,4L聽裝煤油 (025,是
D235Z,觀音三和站,328桃園市觀音區三和里濱海路武威段2號,03-4737011,4L聽裝煤油 (025,是
D237P,海口站,337桃園市大園區海口里三民路一段158號,03-3935333,4L聽裝煤油 (025,是
D237V,天祥站,   桃園市中壢區五權里民族路三段226號,03-2813170,4L聽裝煤油 (025,是
D237W,大園民生站,   桃園市大園區橫峰里1鄰民生南路163號,03-3856171,4L聽裝煤油 (025,是
D237X,大園國際站,337桃園市大園區圳頭里國際路一段772號,03-3856800,4L聽裝煤油 (025,是
D237Y,廣豐站,326桃園市楊梅區大平里中山南路259號,03-4786145,4L聽裝煤油 (025,是
D2386,中壢服務區站,320桃園市中壢區內定里20鄰內定二街998-6號,03-4622920,4L聽裝煤油 (025,是
D4140,彰化站,500彰化縣彰化市和調里中山路三段27號,04-7222759,4L聽裝煤油 (025,是
D4141,三民路站,402台中市南區福平里三民路一段１號,04-22613854,4L聽裝煤油 (025,是
D4142,大同站,404台中市北區錦平里三民路三段225號,04-22223385,4L聽裝煤油 (025,是
D4143,草屯站,542南投縣草屯鎮玉峰里中正路880號,049-2362049,4L聽裝煤油 (025,是
D4144,豐潭站,427台中市潭子區栗林里中山路三段249號,04-25324634,4L聽裝煤油 (025,是
D4145,大甲站,437台中市大甲區頂店里中山路一段1120號,04-26872314,4L聽裝煤油 (025,是
D4146,梨山站,424台中市和平區梨山里中正路224號,04-25981393,4L聽裝煤油 (025,是
D4147,員林站,510彰化縣員林市三多里中山路二段495號,04-8320294,4L聽裝煤油 (025,是
D4148,二林站,526彰化縣二林鎮豐田里二溪路一段212號,04-8960049,4L聽裝煤油 (025,是
D4149,東勢站,423台中市東勢區粵寧里豐勢路678號,04-25872454,4L聽裝煤油 (025,是
D414A,龍井站,434台中市龍井區竹坑里沙田路四段175號,04-26353010,4L聽裝煤油 (025,是
D414E,埔里中山路站,545南投縣埔里鎮中山路二段141號,049-2982844,4L聽裝煤油 (025,是
D414F,國聖站,500彰化縣彰化市國聖里中山路三段708號,04-7321540,4L聽裝煤油 (025,是
D414G,草屯新豐,542南投縣草屯鎮中正路1615號,049-2333704,4L聽裝煤油 (025,否
D414H,溪頭,558南投縣鹿谷鄉內湖村興產路4-5號,049-2612126,4L聽裝煤油 (025,是
D414J,台中港站,436台中市清水區海演里臨港路6段1號,04-26562247,4L聽裝煤油 (025,是
D414K,芬園站,502彰化縣芬園鄉彰南路四段354號,049-2522244,4L聽裝煤油 (025,是
D414L,大肚站,432台中市大肚區新興里沙田路二段222號,04-26992502,4L聽裝煤油 (025,是
D414M,南投三和站,540南投縣南投市三和里中興路549號,049-2227255,4L聽裝煤油 (025,是
D414N,國姓站,544南投縣國姓鄉福龜村中正路一段55號,049-2721240,4L聽裝煤油 (025,是
D414R,霧社站,546南投縣仁愛鄉大同村仁和路14號,049-2802275,4L聽裝煤油 (025,是
D414T,和美站,508彰化縣和美鎮和東里彰美路五段85號,04-7553024,4L聽裝煤油 (025,是
D414U,進化路站,404台中市北區錦洲里進化路656號,04-22323873,4L聽裝煤油 (025,是
D414V,外埔站,438台中市外埔區大同里甲后路三段758號,04-26833350,4L聽裝煤油 (025,是
D414W,鹿谷站,558南投縣鹿谷鄉鹿谷村中正路二段137號,049-2752874,4L聽裝煤油 (025,是
D414X,沙鹿站,433台中市沙鹿區台灣大道7段391號,04-26314644,4L聽裝煤油 (025,是
D414Y,台中工業區加油加氣站,407台中市西屯區福和里臺灣大道四段1047號,04-23592968,4L聽裝煤油 (025,是
D414Z,社頭站,511彰化縣社頭鄉員集路二段583號,04-8732534,4L聽裝煤油 (025,是
D4150,埔里站,545南投縣埔里鎮中山路三段172號,049-2982403,4L聽裝煤油 (025,是
D4151,南門橋站,412台中市大里區西榮里中興路二段691號,04-24826451,4L聽裝煤油 (025,是
D4152,溪湖站,514彰化縣溪湖鎮東寮里彰水路4段93號,04-8852244,4L聽裝煤油 (025,否
D4153,竹山站,557南投縣竹山鎮竹山里集山路三段884號,049-2642304,4L聽裝煤油 (025,是
D4154,清水站,436台中市清水區中山路507-18號,04-26222464,4L聽裝煤油 (025,是
D4155,水里站,553南投縣水里鄉南光村民生路53號,049-2770244,4L聽裝煤油 (025,是
D4156,彰化中山路站,500彰化縣彰化市華北里中山路二段396號,04-7224496,4L聽裝煤油 (025,是
D4157,溪州站,524彰化縣溪州鄉溪州村中山路三段6號,04-8892079,4L聽裝煤油 (025,是
D4159,田中站,520彰化縣田中鎮南路里員集路一段783號,04-8742705,4L聽裝煤油 (025,是
D415A,大安站,439台中市大安區東安里8鄰中山南路193號,04-26712249,4L聽裝煤油 (025,否
D415E,埤頭站,523彰化縣埤頭鄉中和村彰水路一段499號,04-8897844,4L聽裝煤油 (025,是
D415F,卓蘭站,369苗栗縣卓蘭鎮中正西路101號,04-25892174,4L聽裝煤油 (025,是
D415G,田尾站,522彰化縣田尾鄉饒平村中山路一段393號,04-8831042,4L聽裝煤油 (025,是
D415H,大甲日南站,437台中市大甲區經國路1666號,04-26871037,4L聽裝煤油 (025,是
D415J,中寮站,541南投縣中寮鄉永平村永平路349-13號,049-2691730,4L聽裝煤油 (025,是
D415K,芳苑站,528彰化縣芳苑鄉仁愛村斗苑路10號,04-8984558,4L聽裝煤油 (025,是
D415L,太平站,411台中市太平區太平里太平路651號,04-22787508,4L聽裝煤油 (025,是
D415M,青海路站,407台中市西屯區青海路二段211號,04-27015054,4L聽裝煤油 (025,是
D415N,魚池站,555南投縣魚池鄉魚池村魚池街772號,049-2895352,4L聽裝煤油 (025,是
D415R,文心路站,407台中市西屯區文心路三段2號,04-23131239,4L聽裝煤油 (025,是
D415T,集集站,552南投縣集集鎮林尾里民生路317號,049-2763894,4L聽裝煤油 (025,是
D415U,向上路站,403台中市西區向上路一段27號,04-23011800,4L聽裝煤油 (025,是
D415V,大雅中清路站,428台中市大雅區中清路三段951號,04-25664445,4L聽裝煤油 (025,是
D415W,伸港站,509彰化縣伸港鄉新港村新港路95號,04-7983424,4L聽裝煤油 (025,是
D415X,梧棲站,435台中市梧棲區八德路2號,04-26568415,4L聽裝煤油 (025,是
D415Y,信義站,556南投縣信義鄉明德村玉山路116號,049-2791837,4L聽裝煤油 (025,是
D415Z,和平站,424台中市和平區南勢里東關路三段5號,04-25941891,4L聽裝煤油 (025,是
D4160,永靖站,512彰化縣永靖鄉港西村中山路一段637號,04-8221945,4L聽裝煤油 (025,是
D4161,霧峰站,413台中市霧峰區中正路784號,04-23393270,4L聽裝煤油 (025,是
D4162,后里站,421台中市后里區三豐路427號,04-25562174,4L聽裝煤油 (025,是
D4163,花壇站,503彰化縣花壇鄉花壇村中山路一段384號,04-7862064,4L聽裝煤油 (025,是
D4164,大雅路站,404台中市北區中清路一段172號,04-22029046,4L聽裝煤油 (025,是
D4165,北斗站,521彰化縣北斗鎮大道里中山路二段207號,04-8882154,4L聽裝煤油 (025,是
D4166,彰化中華路,500彰化縣彰化市平和里新平路100號,04-7621186,4L聽裝煤油 (025,是
D4167,北屯站,406台中市北屯區北屯路436號,04-22435121,4L聽裝煤油 (025,是
D4168,名間站,551南投縣名間鄉中正村南雅街151號,049-2732629,4L聽裝煤油 (025,是
D4169,南投站,540南投縣南投市三民里彰南路二段71號,049-2222650,4L聽裝煤油 (025,是
D416A,大城站,527彰化縣大城鄉上山村魚寮路50號,04-8944223,4L聽裝煤油 (025,是
D416E,青島路站,406台中市北屯區文心路四段119號,04-22925400,4L聽裝煤油 (025,是
D416F,昌平路站,406台中市北屯區昌平路一段95號,04-22348061,4L聽裝煤油 (025,是
D416G,永和街站,402台中市南區和平里美村南路77號,04-22611600,4L聽裝煤油 (025,是
D416H,二水站,530彰化縣二水鄉裕民村南通路二段680號,04-8790305,4L聽裝煤油 (025,是
D416J,東山路站,406台中市北屯區東山路一段377-5號,04-22392062,4L聽裝煤油 (025,是
D416K,公益路站,408台中市南屯區公益路二段2號,04-23269700,4L聽裝煤油 (025,是
D416L,坪頂站,434台中市龍井區新庄里臺灣大道六段6號,04-26316507,4L聽裝煤油 (025,是
D416M,霧峰林森路站,413台中市霧峰區林森路455號,04-23339411,4L聽裝煤油 (025,是
D416N,埔鹽站,516彰化縣埔鹽鄉好修村員鹿路二段99號,04-8651196,4L聽裝煤油 (025,是
D416R,石岡豐勢路站,422台中市石岡區九房里明德路2號,04-25722984,4L聽裝煤油 (025,是
D416T,員東路站,510彰化縣員林市員東路二段413號,04-8329743,4L聽裝煤油 (025,是
D416U,新社站,426台中市新社區中正里中和街五段58號,04-25819102,4L聽裝煤油 (025,是
D416V,五權西路站,402台中市南屯區五權西路二段566號,04-23893367,4L聽裝煤油 (025,是
D416W,松竹路站,406台中市北屯區松和里松竹路二段４２７號,04-22451915,4L聽裝煤油 (025,是
D416X,太平長億路站,411台中市太平區太平路137號,04-22709613,4L聽裝煤油 (025,是
D416Y,南崗工業區站,540南投縣南投市平山里仁和路13號,049-2251460,4L聽裝煤油 (025,是
D416Z,竹山延平站,557南投縣竹山鎮延平里集山路二段869號,049-2649304,4L聽裝煤油 (025,是
D4170,烏日站,414台中市烏日區九德里中山路一段539號,04-23381514,4L聽裝煤油 (025,是
D4171,復興路站,402台中市南區復興路三段73號,04-22617800,4L聽裝煤油 (025,是
D4172,公園路站,404台中市北區三民路三段50號,04-22237535,4L聽裝煤油 (025,是
D4173,福興站,506彰化縣福興鄉橋頭村彰鹿路七段477號,04-7772534,4L聽裝煤油 (025,是
D4174,日月潭站,555南投縣魚池鄉水社村中山路20號,049-2855160,4L聽裝煤油 (025,是
D4175,豐原大湳站,420台中市豐原區三豐路一段432號,04-25225504,4L聽裝煤油 (025,是
D4176,翁子站,420台中市豐原區豐勢路一段588號,04-25225510,4L聽裝煤油 (025,是
D4177,秀水站,504彰化縣秀水鄉安東村彰水路一段30號,04-7692141,4L聽裝煤油 (025,是
D4178,南投民族街站,540南投縣南投市平和里民族街163號,049-2222741,4L聽裝煤油 (025,是
D4179,振興路站,401台中市東區泉源里建成路556號,04-22134096,4L聽裝煤油 (025,是
D417A,埔心站,513彰化縣埔心鄉瓦北村員鹿路一段421號,04-8293874,4L聽裝煤油 (025,是
D417E,橋頭站,510彰化縣員林市員集路一段46號,04-8721990,4L聽裝煤油 (025,是
D417H,彰化彰興路站,500彰化縣彰化市三村里一鄰彰興路二段81號,047-377187,4L聽裝煤油 (025,是
D417J,員林快速道站,513彰化縣埔心鄉瓦南村中山路281號,04-8398903,4L聽裝煤油 (025,是
D417M,台中工業區南站,   台中市南屯區工業區18路26號之1,04-23595269,4L聽裝煤油 (025,是
D417N,田中二站,   彰化縣田中鎮北路里東閔路二段722號,04-8745633,4L聽裝煤油 (025,是
D417R,烏日高鐵站,414台中市烏日區建國路265號,04-23377492,4L聽裝煤油 (025,是
D417T,南崗三路站,540南投縣南投市南崗三路278-1號,049-2254902,4L聽裝煤油 (025,是
D417U,成功嶺站,414台中市烏日區榮泉路252號,04-23374286,4L聽裝煤油 (025,是
D417V,追分站,432台中市大肚區沙田路一段167號,04-26937955,4L聽裝煤油 (025,是
D4180,豐原交流道站,429台中市神岡區岸裡里中山路88號,04-25228204,4L聽裝煤油 (025,是
D4185,北斗交流道站,   彰化縣埤頭鄉斗苑東路7號,04-8783372,4L聽裝煤油 (025,是
D4186,竹山交流道站,   南投縣竹山鎮山崇里集山路二段419唬,049-2624821,4L聽裝煤油 (025,否
D4187,南投服務區站,540南投縣南投市南鄉路250巷142弄8號,049-2204987,4L聽裝煤油 (025,否
D4240,新竹站,   新竹市東區中華路二段347號,03-5225043,4L聽裝煤油 (025,是
D4241,橫山站,312新竹縣橫山鄉大肚村中豐路二段96號,03-5932902,4L聽裝煤油 (025,是
D4242,竹東站,310新竹縣竹東鎮東寧路一段2號,03-5962447,4L聽裝煤油 (025,是
D4243,科學園區站,   新竹市東區龍山里工業東二路2-2號,03-5779157,4L聽裝煤油 (025,是
D4244,民華站,   新竹市東區中華路二段156-1號,03-5326491,4L聽裝煤油 (025,否
D4245,寶山站,308新竹縣寶山鄉雙新村寶新路1段65號,03-5204346,4L聽裝煤油 (025,是
D4246,關西站,306新竹縣關西鎮中豐路二段50號,03-5872134,4L聽裝煤油 (025,是
D4247,府前站,302新竹縣竹北市縣政二路112號,03-5556350,4L聽裝煤油 (025,是
D4248,竹北站,302新竹縣竹北市中華路439號,03-5552154,4L聽裝煤油 (025,是
D4249,湖口站,303新竹縣湖口鄉湖鏡村中正路三段346號,03-5690155,4L聽裝煤油 (025,是
D4250,尖石站,313新竹縣尖石鄉嘉樂村麥樹仁2鄰66號,03-5842322,4L聽裝煤油 (025,否
D4251,光復站,   新竹市東區光復路二段716號,035-718604,4L聽裝煤油 (025,是
D4252,新埔站,305新竹縣新埔鎮中正路902號,03-5882174,4L聽裝煤油 (025,否
D4253,香山站,300新竹市香山區中華路五段54號,03-5383201,4L聽裝煤油 (025,是
D4254,新湖口站,303新竹縣湖口鄉中正路二段20號,03-5991267,4L聽裝煤油 (025,是
D4255,關東橋站,300新竹市東區光復路一段529號,035-772433,4L聽裝煤油 (025,是
D4256,新豐站,303新竹縣湖口鄉鳳山村新興路330號,03-5592308,4L聽裝煤油 (025,是
D4257,光明站,   新竹市東區光復路二段1號,03-5716471,4L聽裝煤油 (025,是
D4258,東林路站,310新竹縣竹東鎮東林路105號,03-5957003,4L聽裝煤油 (025,是
D4259,峨眉站,315新竹縣峨眉鄉峨眉村3-1號,03-5800564,4L聽裝煤油 (025,是
D4260,新庄子站,304新竹縣新豐鄉重興村新庄路429號,03-5593274,4L聽裝煤油 (025,否
D4261,芎林站,307新竹縣芎林鄉上山村文山路554號,03-5923740,4L聽裝煤油 (025,是
D4262,北大路站,   新竹市東區北大路374號,03-5227664,4L聽裝煤油 (025,是
D4265,北埔站,314新竹縣北埔鄉水?村麻布樹排20號,03-5802547,4L聽裝煤油 (025,是
D4266,南寮站,300新竹市北區東大路四段292號,03-5363424,4L聽裝煤油 (025,是
D426A,獅潭站,354苗栗縣獅潭鄉新店村新店9-1號,037-931276,4L聽裝煤油 (025,是
D426C,通利站,   苗栗縣通霄鎮平安里18鄰環市路二段1032號,037-764736,4L聽裝煤油 (025,是
D426E,後龍站,356苗栗縣後龍鎮中華路51-2號,037-722041,4L聽裝煤油 (025,是
D426F,北苗站,360苗栗縣苗栗市為公路110號,037-262439,4L聽裝煤油 (025,是
D426G,中苗站,360苗栗縣苗栗市中正路442號,037-326764,4L聽裝煤油 (025,是
D426H,中華路站,360苗栗縣苗栗市中華路30號,037-266431,4L聽裝煤油 (025,是
D426J,西湖站,368苗栗縣西湖鄉湖東村埔頂9-3號,037-921048,4L聽裝煤油 (025,是
D426K,公館站,363苗栗縣公館鄉玉泉村玉泉24-4號,037-222834,4L聽裝煤油 (025,是
D426L,銅鑼站,366苗栗縣銅鑼鄉銅鑼村中正路151號,037-981124,4L聽裝煤油 (025,是
D426M,通霄站,357苗栗縣通霄鎮中山路297號,037-752075,4L聽裝煤油 (025,是
D426N,山腳站,358苗栗縣苑裡鎮舊社里158號,037-745074,4L聽裝煤油 (025,是
D426P,自強路站,351苗栗縣頭份市東庄里六鄰自強路二段170號,037-615343,4L聽裝煤油 (025,是
D426R,苑裡站,358苗栗縣苑裡鎮中山路19號,037-866747,4L聽裝煤油 (025,是
D426T,三義站,367苗栗縣三義鄉廣盛村中正路146號,037-872204,4L聽裝煤油 (025,是
D426U,大湖站,364苗栗縣大湖鄉富興村2-1號,037-991072,4L聽裝煤油 (025,是
D426V,南平路站,351苗栗縣頭份市蘆竹路270號,037-612746,4L聽裝煤油 (025,是
D426W,頭份站,351苗栗縣頭份市自強路2號,037-663242,4L聽裝煤油 (025,是
D426X,蘆竹站,351苗栗縣頭份市中華路444號,037-623740,4L聽裝煤油 (025,是
D426Y,頭份工業區站,351苗栗縣頭份市蘆竹里中華路519號,037-626224,4L聽裝煤油 (025,否
D426Z,中正路站,350苗栗縣竹南鎮中正路120號,037-463428,4L聽裝煤油 (025,是
D4273,長安站,   新竹縣湖口鄉湖口村八德路二段461號,03-5696829,4L聽裝煤油 (025,是
D4278,奕承站,300新竹市香山區景觀大道830號,03-5292057,4L聽裝煤油 (025,是
D4279,長和站,300新竹市北區經國路二段293號,03-5420762,4L聽裝煤油 (025,否
D427A,竹南站,350苗栗縣竹南鎮東平路101號,037-624865,4L聽裝煤油 (025,是
D427E,大坪站,361苗栗縣造橋鄉錦水村錦水7-30號,037-541881,4L聽裝煤油 (025,是
D427F,三灣站,352苗栗縣三灣鄉三灣村中正路7-2號,037-831137,4L聽裝煤油 (025,是
D427G,南庄站,353苗栗縣南庄鄉中正路197號,037-822401,4L聽裝煤油 (025,是
D427H,頭屋站,362苗栗縣頭屋鄉象山村198-3號,037-252723,4L聽裝煤油 (025,是
D4340,博愛路站,   嘉義市東區博愛路ㄧ段2號,05-2762353,4L聽裝煤油 (025,是
D4341,新營站,730台南市新營區開元路52號,06-6322503,4L聽裝煤油 (025,是
D4342,斗六站,640雲林縣斗六市雲林路二段334號,05-5322534,4L聽裝煤油 (025,是
D4343,信義路站,600嘉義市西區博愛路二段519號,05-2359381,4L聽裝煤油 (025,是
D4344,西螺站,648雲林縣西螺鎮大園里大同路38號,05-5862240,4L聽裝煤油 (025,是
D4345,虎尾站,632雲林縣虎尾鎮平和里光復路131號,05-6322524,4L聽裝煤油 (025,是
D4346,吳鳳路站,   嘉義市東區吳鳳南路92號,05-2224070,4L聽裝煤油 (025,是
D4347,鹽水站,737台南市鹽水區橋南里月津路53號,06-6521204,4L聽裝煤油 (025,是
D4348,白河站,732台南市白河區永安里新厝子142號,06-6852134,4L聽裝煤油 (025,是
D4349,北港站,651雲林縣北港鎮華勝路87號,05-7832618,4L聽裝煤油 (025,是
D434A,梅山站,603嘉義縣梅山鄉梅北村中山路746號,05-2622821,4L聽裝煤油 (025,是
D434E,太保站,612嘉義縣太保市春珠里春珠178號,05-3711635,4L聽裝煤油 (025,是
D434F,六腳站,615嘉義縣六腳鄉六腳村六腳路2-15號,05-3781175,4L聽裝煤油 (025,是
D434G,蒜頭站,615嘉義縣六腳鄉蒜頭村1-15號,05-3802944,4L聽裝煤油 (025,是
D434H,布袋站,625嘉義縣布袋鎮興中里上海路1號,05-3471410,4L聽裝煤油 (025,是
D434J,二崙自強站,649雲林縣二崙鄉大同村大同路21號,05-5984084,4L聽裝煤油 (025,是
D434K,朴子山通路站,613嘉義縣朴子市大鄉里大?榔625號,05-3799580,4L聽裝煤油 (025,是
D434L,興嘉站,   嘉義市東區車店里上海路246號,05-2353461,4L聽裝煤油 (025,是
D434R,鹿草站,611嘉義縣鹿草鄉後堀村山仔腳59號,05-3751219,4L聽裝煤油 (025,是
D434T,褒忠站,634雲林縣褒忠鄉埔姜村三民路231號,05-6974165,4L聽裝煤油 (025,是
D434U,大林中正路站,622嘉義縣大林鎮中正路801號,05-2659202,4L聽裝煤油 (025,是
D434V,斗六南環路站,640雲林縣斗六市文化路522號,05-5339692,4L聽裝煤油 (025,是
D434W,斗南中興路站,630雲林縣斗南鎮中興路201號,05-5961172,4L聽裝煤油 (025,是
D434X,東山站,733台南市東山區東正里東勢240號,06-6800021,4L聽裝煤油 (025,是
D434Y,雲林東勢站,635雲林縣東勢鄉復興村文化路2-10號,05-6993200,4L聽裝煤油 (025,是
D434Z,北興站,600嘉義市西區自由路436號,05-2348070,4L聽裝煤油 (025,是
D4350,大林站,622嘉義縣大林鎮中正路260號,05-2652049,4L聽裝煤油 (025,是
D4351,斗南站,630雲林縣斗南鎮延平路二段165號,05-5972320,4L聽裝煤油 (025,是
D4352,朴子站,613嘉義縣朴子市南通路三段635號,05-3792364,4L聽裝煤油 (025,是
D4353,民雄站,621嘉義縣民雄鄉建國路二段329號,05-2262145,4L聽裝煤油 (025,是
D4354,柳營站,736台南市柳營區柳營路三段300號,06-6222041,4L聽裝煤油 (025,是
D4355,莿桐站,647雲林縣莿桐鄉中山路251號,05-5842054,4L聽裝煤油 (025,是
D4356,土庫站,633雲林縣土庫鎮建國路131號,05-6622644,4L聽裝煤油 (025,是
D4357,崙背站,637雲林縣崙背鄉南陽村正義路123號,05-6962049,4L聽裝煤油 (025,是
D4358,後壁站,731台南市後壁區後壁里42號,06-6871004,4L聽裝煤油 (025,是
D4359,南靖站,608嘉義縣水上鄉三鎮路101-1號,05-2682029,4L聽裝煤油 (025,是
D435A,水林站,652雲林縣水林鄉水北村顏厝寮97號,05-7854194,4L聽裝煤油 (025,是
D435F,民雄保生街站,621嘉義縣民雄鄉保生街220號,05-2268625,4L聽裝煤油 (025,是
D435G,大埔站,607嘉義縣大埔鄉和平村雙溪14-3號,05-2521484,4L聽裝煤油 (025,是
D435H,番路站,602嘉義縣番路鄉下坑村下坑40-2號,05-2592386,4L聽裝煤油 (025,是
D435J,義和站,647雲林縣莿桐鄉義和村三和37-5號,05-5844090,4L聽裝煤油 (025,是
D435K,馬光站,633雲林縣土庫鎮後埔里後埔路500號,05-6651124,4L聽裝煤油 (025,是
D435L,北港新德路站,651雲林縣北港鎮新街里新德路27號,05-7824045,4L聽裝煤油 (025,是
D435M,柳林站,608嘉義縣水上鄉柳林村柳子林76-6號,05-2688327,4L聽裝煤油 (025,否
D435R,石卓站,604嘉義縣竹崎鄉中和村永和1-1號,05-2561944,4L聽裝煤油 (025,是
D435U,民工站,621嘉義縣民雄鄉福樂村中山路37號,05-2206537,4L聽裝煤油 (025,是
D4360,新港站,616嘉義縣新港鄉菜公村菜公厝64-1號,05-3742054,4L聽裝煤油 (025,是
D4361,義竹站,624嘉義縣義竹鄉義竹村118號之6,05-3412054,4L聽裝煤油 (025,是
D4362,林內站,643雲林縣林內鄉林中村中正路532號,05-5892048,4L聽裝煤油 (025,是
D4363,文化路站,600嘉義市東區文化路11號,05-2226551,4L聽裝煤油 (025,是
D4364,虎尾新生路站,632雲林縣虎尾鎮新生路155號,05-6322812,4L聽裝煤油 (025,是
D4365,二崙站,649雲林縣二崙鄉崙東村中山路一段102號,05-5982056,4L聽裝煤油 (025,是
D4366,中山路站,   嘉義市東區中山路90號,05-2789320,4L聽裝煤油 (025,是
D4367,四湖站,654雲林縣四湖鄉施湖村中山西路199號,05-7872053,4L聽裝煤油 (025,是
D4368,林森路站,600嘉義市西區林森西路281號,05-2279744,4L聽裝煤油 (025,是
D4369,三民路站,730台南市新營區三民路61號,06-6323343,4L聽裝煤油 (025,是
D436A,馬公站,880澎湖縣馬公市民福路18號,06-9272595,4L聽裝煤油 (025,是
D436F,湖西站,885澎湖縣湖西鄉湖西村77-15號,06-9921064,4L聽裝煤油 (025,是
D436K,望安站,882澎湖縣望安鄉東安村2-14號((備註：週六歇業) ,06-9991176,4L聽裝煤油 (025,是
D4370,麥寮站,638雲林縣麥寮鄉麥豐村中山路12號,05-6932174,4L聽裝煤油 (025,是
D4371,台西站,636雲林縣台西鄉中山路36號,05-6982124,4L聽裝煤油 (025,是
D4372,元長站,655雲林縣元長鄉長南村中山路４號,05-7882170,4L聽裝煤油 (025,是
D4373,古坑站,646雲林縣古坑鄉西平村中山路291號,05-5821534,4L聽裝煤油 (025,是
D4374,竹崎站,604嘉義縣竹崎鄉和平村田寮52號,05-2611714,4L聽裝煤油 (025,是
D4375,大埤站,631雲林縣大埤鄉南和村大埤路543號,05-5912494,4L聽裝煤油 (025,否
D4376,口湖站,653雲林縣口湖鄉湖東村中正路一段99號,05-7892504,4L聽裝煤油 (025,是
D4378,溪口站,623嘉義縣溪口鄉溪東村民族西路１號,05-2691700,4L聽裝煤油 (025,是
D4379,中埔站,606嘉義縣中埔鄉中埔村中埔161-4號,05-2532046,4L聽裝煤油 (025,是
D438F,菁埔站,621嘉義縣民雄鄉菁埔村菁埔1號之10,05-2060727,4L聽裝煤油 (025,是
D438H,明華站,622嘉義縣大林鎮忠孝路343號,05-2658360,4L聽裝煤油 (025,是
D438J,東和站,646雲林縣古坑鄉東和村12鄰廣濟路122號,05-5264966,4L聽裝煤油 (025,是
D4390,橋南站,638雲林縣麥寮鄉橋頭村1鄰橋頭34號,05-6913386,4L聽裝煤油 (025,是
D4397,嘉保站,   嘉義縣太保市安仁里嘉朴東路1段116號,05-3623558,4L聽裝煤油 (025,是
D4398,大義路站,   嘉義縣中埔鄉和美村大義路515號,05-2300875,4L聽裝煤油 (025,是
D439L,白河交流道站,   台南市白河區河東里9鄰糞箕湖122之15號,06-6831091,4L聽裝煤油 (025,是
D43W2,雅虎站,   雲林縣斗六市虎溪里西平路776號,05-5514796,4L聽裝煤油 (025,是
D43W4,嘉義高鐵北站,600嘉義市西區大溪里高鐵大道1250號,05-2383460,4L聽裝煤油 (025,否
D43W5,嘉義高鐵南站,600嘉義市西區大溪里高鐵大道925號,05-2382079,4L聽裝煤油 (025,是
D43W7,朴子二站,613嘉義縣朴子市大鄉里大?榔852號,05-3704635,4L聽裝煤油 (025,否
D43W8,梅山二站,603嘉義縣梅山鄉過山村7鄰開元后46號,05-2625102,4L聽裝煤油 (025,是
D43X5,阿里山新站,605嘉義縣阿里山鄉南阿里山55-5號,05-2679058,4L聽裝煤油 (025,是
D43X6,新營長榮路站,730台南市新營區長榮路2段186號,06-6560662,4L聽裝煤油 (025,是
D43X8,嘉港站,600嘉義市西區下埤里北港路960號,05-2382012,4L聽裝煤油 (025,是
D504C,佳里站,722台南市佳里區中山路480號,06-7222269,4L聽裝煤油 (025,是
D504D,西門路一段站,700台南市中西區西門路一段524號,06-2134067,4L聽裝煤油 (025,是
D504I,公園路站,704台南市北區公園路721號,06-2517454,4L聽裝煤油 (025,是
D504P,路竹站,821高雄市路竹區中山路589號,07-6962240,4L聽裝煤油 (025,是
D504Q,隆田站,720台南市官田區隆本里中華路二段23號,06-5791257,4L聽裝煤油 (025,否
D504S,新化站,712台南市新化區中山路575號,06-5982150,4L聽裝煤油 (025,是
D505B,麻豆站,721台南市麻豆區中山路13號,06-5722254,4L聽裝煤油 (025,是
D505C,永康站,710台南市永康區蔦松里中正北路348號,06-2433157,4L聽裝煤油 (025,是
D505D,學甲站,726台南市學甲區華宗路311號,06-7832264,4L聽裝煤油 (025,是
D505E,前鋒站,704台南市北區前鋒路283號,06-2082162,4L聽裝煤油 (025,是
D505I,大灣站,710台南市永康區建國里復興路69號,06-2724010,4L聽裝煤油 (025,是
D505N,茄拔站,741台南市善化區嘉北里茄拔2-30號,06-5838334,4L聽裝煤油 (025,是
D505P,府前路站,700台南市中西區府前路二段256號,06-2971568,4L聽裝煤油 (025,是
D505Q,左鎮站,713台南市左鎮區睦光里睦光5-2號,06-5731946,4L聽裝煤油 (025,是
D505S,崇學路站,701台南市東區崇學路228號,06-2675827,4L聽裝煤油 (025,是
D505V,中華路東站,701台南市東區中華東路三段171號,06-2674935,4L聽裝煤油 (025,是
D505W,中華路西站,701台南市東區中華東路三段170號,06-2673501,4L聽裝煤油 (025,是
D505X,官田工業區站,720台南市官田區二鎮里工業路23-1號,06-6987265,4L聽裝煤油 (025,是
D505Y,龍崎站,719台南市龍崎區崎頂里新市子102-1號,06-5941164,4L聽裝煤油 (025,是
D505Z,佳里仁愛路站,722台南市佳里區仁愛路67號,06-7229504,4L聽裝煤油 (025,是
D506B,大湖站,829高雄市湖內區大湖里中山路一段72號,07-6931793,4L聽裝煤油 (025,是
D506C,安中路站,709台南市安南區安中路四段446號,06-2569825,4L聽裝煤油 (025,是
D506G,學甲中正路站,726台南市學甲區中正路645號,06-7837900,4L聽裝煤油 (025,是
D506I,崇善路站,701台南市東區崇善路557號,06-2697873,4L聽裝煤油 (025,是
D506M,永華路東,708台南市安平區永華路二段216號,06-2992048,4L聽裝煤油 (025,是
D506N,中華西路南站,700台南市中西區中華西路二段2號,06-2970350,4L聽裝煤油 (025,是
D506P,善化站,741台南市善化區中山路368號,06-5817264,4L聽裝煤油 (025,是
D506Q,下營站,735台南市下營區中山路一段386號,06-6892054,4L聽裝煤油 (025,是
D506R,文賢路站,700台南市中西區文賢路229號,06-2591749,4L聽裝煤油 (025,是
D506S,西港站,723台南市西港區西港里中山路52號,06-7952124,4L聽裝煤油 (025,是
D506T,東門路站,701台南市東區東門路二段39號,06-2371994,4L聽裝煤油 (025,是
D506U,太爺站,829高雄市湖內區公館里中山路二段61號,07-6993073,4L聽裝煤油 (025,是
D506V,阿蓮站,822高雄市阿蓮區阿蓮里中山路351號,07-6312139,4L聽裝煤油 (025,是
D506W,仁德站,717台南市仁德區中山路505號,06-2794451,4L聽裝煤油 (025,是
D506X,玉井站,714台南市玉井區玉田里中山路91號,06-5742476,4L聽裝煤油 (025,是
D506Y,關廟站,718台南市關廟區中山路二段166號,06-5952131,4L聽裝煤油 (025,是
D506Z,慶平路站,708台南市安平區慶平路485號,06-2970189,4L聽裝煤油 (025,是
D507A,健康路站,   台南市安平區健康路三段238號,06-2997901,4L聽裝煤油 (025,是
D507B,灣裡站,702台南市南區明興路1081號,06-2626810,4L聽裝煤油 (025,否
D507C,國民路站,702台南市南區國民路246號,06-2601380,4L聽裝煤油 (025,是
D507D,中油南科站,744台南市新市區南科二路3號,06-5051229,4L聽裝煤油 (025,是
D507E,麻學站,721台南市麻豆區大山里大山腳67-25號,06-5700735,4L聽裝煤油 (025,是
D507F,喜樹站,702台南市南區喜樹路63號         (週日歇業),06-2960944,4L聽裝煤油 (025,否
D507G,民生路站,700台南市中西區民生路二段303號,06-2233627,4L聽裝煤油 (025,是
D507H,成功路站,704台南市北區成功路16號,06-2222894,4L聽裝煤油 (025,是
D507I,北門站,727台南市北門區仁里里二重港108號,06-7862128,4L聽裝煤油 (025,是
D507J,和順站,709台南市安南區安和路四段335號,06-3559301,4L聽裝煤油 (025,是
D507K,南化站,716台南市南化區南化里217號,06-5771128,4L聽裝煤油 (025,是
D507L,六甲站,734台南市六甲區水林里中山路446號,06-6982404,4L聽裝煤油 (025,是
D507M,七股站,724台南市七股區玉成里玉成18-2號,06-7872248,4L聽裝煤油 (025,是
D507N,大同路站,702台南市南區大同路二段380號,06-2153503,4L聽裝煤油 (025,是
D507P,楠西站,715台南市楠西區東勢里中正路359號,06-5751427,4L聽裝煤油 (025,是
D507Q,安平工業區站,702台南市南區中華西路一段65號,06-2654022,4L聽裝煤油 (025,是
D507R,新市站,744台南市新市區港墘里中山路156號,06-5991020,4L聽裝煤油 (025,是
D507S,將軍站,725台南市將軍區忠興里忠興162-1號,06-7942205,4L聽裝煤油 (025,是
D507T,歸仁站,711台南市歸仁區中山路三段201號,06-2301003,4L聽裝煤油 (025,是
D507U,大內站,742台南市大內區石城里石子瀨122-12號,06-5761914,4L聽裝煤油 (025,否
D507V,山上站,743台南市山上區明和里232號,06-5781556,4L聽裝煤油 (025,是
D507W,甲仙站,847高雄市甲仙區大田里新興路55號,07-6751555,4L聽裝煤油 (025,是
D507X,安順站,709台南市安南區安中路一段650號,06-2569187,4L聽裝煤油 (025,否
D507Y,中油安定交流道站,745台南市安定區安加里安定258-12號,06-5921844,4L聽裝煤油 (025,是
D507Z,茄萣站,852高雄市茄萣區白雲里白砂路6號,07-6902849,4L聽裝煤油 (025,是
D5094,烏山頭交流道站,720台南市官田區嘉南里嘉南78之15號,06-6990026,4L聽裝煤油 (025,是
D509B,育平路站,708台南市安平區育平路80號,06-2933845,4L聽裝煤油 (025,是
D509C,光州站,   台南市安平區永華路二段1255號,06-2999156,4L聽裝煤油 (025,是
D509D,仁德服務區南下站,720台南市仁德區中洲里中洲1之95號,06-3660758,4L聽裝煤油 (025,是
D509F,仁德服務區北上站,   台南市仁德區中洲里中洲1之96號,06-2782879,4L聽裝煤油 (025,是
D509G,中油永交站,   台南市永康區中正北路319號,06-2436250,4L聽裝煤油 (025,是
D50W1,歸仁高鐵站,   台南市歸仁區武東里中正南路二段11號,06-3032093,4L聽裝煤油 (025,是
D50W6,西拉雅站,744台南市新市區三舍里三舍239號,06-5899042,4L聽裝煤油 (025,是
D50W9,安平古堡站,700台南市中西區西賢里31鄰民權路四段730號,06-3587703,4L聽裝煤油 (025,是
D5140,建國二路站,807高雄市三民區建國二路66號,07-2383484,4L聽裝煤油 (025,是
D5141,中正四路站,801高雄市前金區中正四路251號,07-2212453,4L聽裝煤油 (025,是
D5142,屏東站,900屏東縣屏東市民族路399-1號,08-7322503,4L聽裝煤油 (025,是
D5143,枋寮站,940屏東縣枋寮鄉新龍村中山路319號,08-8782060,4L聽裝煤油 (025,是
D5144,運河南路站,801高雄市前金區河南二路87號,07-2850458,4L聽裝煤油 (025,否
D5145,岡山站,820高雄市岡山區岡山南路45號,07-6252450,4L聽裝煤油 (025,是
D5146,後勁站,811高雄市楠梓區後昌路200號,07-3613018,4L聽裝煤油 (025,是
D5147,左營站,813高雄市左營區中華一路2-11號,07-5825621,4L聽裝煤油 (025,是
D5148,楠梓站,811高雄市楠梓區高楠公路1376號,07-3511761,4L聽裝煤油 (025,是
D5149,歸來站,900屏東縣屏東市民生路2-31號,08-7223873,4L聽裝煤油 (025,是
D514A,中正二路站,800高雄市新興區中正二路166號,07-2241235,4L聽裝煤油 (025,是
D514E,鼓山三路站,804高雄市鼓山區鼓山三路5-1號,07-5612463,4L聽裝煤油 (025,是
D514F,三多三路站,802高雄市苓雅區三多三路264號,07-3335774,4L聽裝煤油 (025,是
D514G,林園站,832高雄市林園區林園北路350號,07-6412285,4L聽裝煤油 (025,是
D514H,公園路站,900屏東縣屏東市民權路74號,08-7325794,4L聽裝煤油 (025,是
D514J,中華三路站,801高雄市前金區中華三路136號,07-2851354,4L聽裝煤油 (025,是
D514K,建工路站,807高雄市三民區建工路566號,07-3832928,4L聽裝煤油 (025,是
D514L,五甲站,830高雄市鳳山區五甲一路232號,07-7460364,4L聽裝煤油 (025,是
D514M,中正路站,900屏東縣屏東市中正路375號,08-7364224,4L聽裝煤油 (025,是
D514N,高樹站,906屏東縣高樹鄉長榮村興中路170號,08-7962205,4L聽裝煤油 (025,是
D514R,山東街站,807高雄市三民區山東街70號,07-3118164,4L聽裝煤油 (025,是
D514T,臨海工業區站,812高雄市小港區沿海二路2號,07-8010873,4L聽裝煤油 (025,是
D514U,鹽埔站,907屏東縣鹽埔鄉鹽中村勝利路25號,08-7932507,4L聽裝煤油 (025,是
D514V,萬巒站,923屏東縣萬巒鄉萬巒村中正路5-2號,08-7811648,4L聽裝煤油 (025,是
D514W,佳冬站,931屏東縣佳冬鄉六根村佳和路145號,08-8662004,4L聽裝煤油 (025,是
D514X,南州站,926屏東縣南州鄉七塊村三民路270號,08-8642298,4L聽裝煤油 (025,是
D514Y,大寮站,831高雄市大寮區永芳里鳳林三路616號,07-7813631,4L聽裝煤油 (025,是
D514Z,鳳松站,830高雄市鳳山區武松里鳳松路178-5號,07-7431562,4L聽裝煤油 (025,是
D5150,內埔站,912屏東縣內埔鄉東寧村南寧路422號,08-7792077,4L聽裝煤油 (025,是
D5151,旗山站,842高雄市旗山區復新街17號,07-6612044,4L聽裝煤油 (025,是
D5152,潮州站,   屏東縣潮州鎮三和里延平路217號,08-7882044,4L聽裝煤油 (025,是
D5153,前鎮站,806高雄市前鎮區擴建路1-1號,07-8213719,4L聽裝煤油 (025,否
D5154,成功一路站,801高雄市前金區成功一路384號,07-2218734,4L聽裝煤油 (025,是
D5155,鳳山站,830高雄市鳳山區中山東路10號,07-7462492,4L聽裝煤油 (025,是
D5156,忠孝路站,900屏東縣屏東市忠孝路209-1號,08-7337759,4L聽裝煤油 (025,是
D5157,東港站,928屏東縣東港鎮興東里中正路一段85號,08-8322352,4L聽裝煤油 (025,是
D5159,美濃站,843高雄市美濃區和合里成功路133號,07-6812044,4L聽裝煤油 (025,是
D515A,林森二路站,800高雄市新興區新田路82號,07-2819638,4L聽裝煤油 (025,否
D515E,瑞豐站,806高雄市前鎮區瑞福路2號,07-7610629,4L聽裝煤油 (025,是
D515F,燕巢站,824高雄市燕巢區南燕里中興路199號,07-6161704,4L聽裝煤油 (025,是
D515G,永安站,828高雄市永安區維新里保安路47號,07-6912014,4L聽裝煤油 (025,否
D515H,林園沿海路站,832高雄市林園區港埔里沿海路四段1號,07-6417604,4L聽裝煤油 (025,否
D515J,大樹站,840高雄市大樹區檨腳里中興北路184號,07-6561249,4L聽裝煤油 (025,否
D515K,水門站,912屏東縣內埔鄉水門村中山路1號,08-7991585,4L聽裝煤油 (025,是
D515L,梓官站,826高雄市梓官區梓和里和平路317號,07-6173555,4L聽裝煤油 (025,是
D515M,旗津站,805高雄市旗津區中洲二路259號,07-5717391,4L聽裝煤油 (025,是
D515N,杉林站,846高雄市杉林區月眉里清水路304號,07-6772888,4L聽裝煤油 (025,是
D515R,長治站,908屏東縣長治鄉崙上村中興路549號,08-7622443,4L聽裝煤油 (025,是
D515U,新園站,932屏東縣新園鄉內庄村興安路54號,08-8684312,4L聽裝煤油 (025,是
D515V,潮星站,920屏東縣潮州鎮三星里潮州路730號,08-7894008,4L聽裝煤油 (025,是
D515W,竹田站,911屏東縣竹田鄉泗州村連成路6-4號,08-7894179,4L聽裝煤油 (025,是
D515X,四維三路站(愛心站),802高雄市苓雅區永定街93號,07-3330396,4L聽裝煤油 (025,是
D515Y,民權路站,806高雄市前鎮區一心一路291號,07-3316290,4L聽裝煤油 (025,是
D5160,里港站,905屏東縣里港鄉大平村中山南路25號,08-7752054,4L聽裝煤油 (025,是
D5161,恆春站,946屏東縣恆春鎮網紗里省北路7號,08-8892635,4L聽裝煤油 (025,是
D5163,萬丹站,913屏東縣萬丹鄉萬丹路一段399號,08-7772142,4L聽裝煤油 (025,是
D5164,橋頭站,825高雄市橋頭區橋頭里成功北路15號,07-6113644,4L聽裝煤油 (025,是
D5165,高鳳站,802高雄市苓雅區建國一路3號,07-7491901,4L聽裝煤油 (025,是
D5166,中正三路站,800高雄市新興區中正三路9號,07-2261045,4L聽裝煤油 (025,否
D5167,三多二路站,802高雄市苓雅區三多二路80號,07-7618709,4L聽裝煤油 (025,是
D5168,中山二路站,801高雄市前金區中山二路569號,07-2317441,4L聽裝煤油 (025,是
D5169,大義街站,803高雄市鹽埕區大義街56-1號,07-5518163,4L聽裝煤油 (025,是
D516E,麟洛站,909屏東縣麟洛鄉麟蹄村中山路64號,08-7233148,4L聽裝煤油 (025,是
D516F,覺民路站,807高雄市三民區覺民路362號,07-3869992,4L聽裝煤油 (025,是
D516K,鼎山路站,807高雄市三民區鼎山街373號,07-3839681,4L聽裝煤油 (025,是
D516L,墾丁站,946屏東縣恆春鎮墾丁里墾丁路402號,08-8861408,4L聽裝煤油 (025,是
D516N,右昌軍校路站,811高雄市楠梓區軍校路737號,07-3637331,4L聽裝煤油 (025,是
D516R,內門站,845高雄市內門區南屏路125號,07-6671661,4L聽裝煤油 (025,否
D516T,和生路站,900屏東縣屏東市橋南里和生路一段560號,08-7536740,4L聽裝煤油 (025,是
D516U,九如東寧站,904屏東縣九如鄉東寧村九如路一段16號,08-7390078,4L聽裝煤油 (025,是
D516V,南鼓山站,804高雄市鼓山區捷興二街46號,07-5517556,4L聽裝煤油 (025,是
D516W,楠梓加工區站,811高雄市楠梓區經五路125號(備註：週日及國定假日歇業),07-3630096,4L聽裝煤油 (025,是
D516X,崁頂站,924屏東縣崁頂鄉崁頂村中正路251號,08-8632842,4L聽裝煤油 (025,是
D5171,建國一路站,802高雄市苓雅區建國一路142號,07-7518715,4L聽裝煤油 (025,否
D5173,復興路站,900屏東縣屏東市復興路261號,08-7525421,4L聽裝煤油 (025,是
D5174,青年路站,802高雄市苓雅區民權一路105號,07-3352549,4L聽裝煤油 (025,是
D5175,新埤站,925屏東縣新埤鄉新埤村新中路74號,08-7971017,4L聽裝煤油 (025,是
D5176,仁武站,814高雄市仁武區鳳仁路282號,07-3711361,4L聽裝煤油 (025,是
D5177,九曲堂站,831高雄市大寮區義和里鳳屏二路297號,07-6512175,4L聽裝煤油 (025,是
D5178,小港站,812高雄市小港區大業北路45號,07-8023938,4L聽裝煤油 (025,是
D5179,六龜站,844高雄市六龜區光復路308號,07-6891059,4L聽裝煤油 (025,是
D517A,小琉球站,929屏東縣琉球鄉大福村和平路3巷33-7號,08-8613054,4L聽裝煤油 (025,是
D517F,南一路站,806高雄市前鎮區漁港南一路19-1號,07-8153105,4L聽裝煤油 (025,是
D517K,大豐站,   屏東縣屏東市前進里建國路410號,08-7534011,4L聽裝煤油 (025,是
D517M,南州交流道站,926屏東縣南州鄉壽元村大同路107號,08-8644993,4L聽裝煤油 (025,是
D517N,大林站,812高雄市小港區鳳華路1號,07-8714612,4L聽裝煤油 (025,是
D518E,本洲站,828高雄市永安區維新里維新路18-1號,07-6233026,4L聽裝煤油 (025,是
D6140,港口站,970花蓮縣花蓮市吉林路2號,03-8228640,4L聽裝煤油 (025,是
D6141,中華路站,970花蓮縣花蓮市中華路333號,03-8323424,4L聽裝煤油 (025,是
D6142,玉里站,981花蓮縣玉里鎮大同路219號,03-8882307,4L聽裝煤油 (025,是
D6143,太魯閣站,972花蓮縣秀林鄉富世村154-1號,03-8611009,4L聽裝煤油 (025,是
D6144,光復站,976花蓮縣光復鄉中山路二段340號,03-8701070,4L聽裝煤油 (025,是
D6145,鳳林站,975花蓮縣鳳林鎮中正路一段371號,03-8762114,4L聽裝煤油 (025,是
D6146,南埔站,973花蓮縣吉安鄉仁和村中正路二段6號,03-8522853,4L聽裝煤油 (025,是
D6147,瑞穗站,978花蓮縣瑞穗鄉瑞穗村2鄰中正南路一段105號,03-8872201,4L聽裝煤油 (025,否
D6148,豐濱站,977花蓮縣豐濱鄉豐濱村光豐路53號,03-8791134,4L聽裝煤油 (025,否
D6149,壽豐站,974花蓮縣壽豐鄉壽豐路一段1號,03-8655891,4L聽裝煤油 (025,是
D6150,北埔站,971花蓮縣新城鄉北埔村北埔路368號,03-8266825,4L聽裝煤油 (025,是
D6151,中山路站,970花蓮縣花蓮市中山路752號,03-8561117,4L聽裝煤油 (025,是
D6152,關原站,972花蓮縣秀林鄉富世村關原15號,04-25991176,4L聽裝煤油 (025,是
D6153,和平站,972花蓮縣秀林鄉和平村和平路32-1號,03-8681261,4L聽裝煤油 (025,是
D6154,赤科山站,981花蓮縣玉里鎮觀音里高寮18-7號,03-8851546,4L聽裝煤油 (025,是
D6155,馬太鞍站,976花蓮縣光復鄉林森路300號,03-8700125,4L聽裝煤油 (025,是
D615A,國光站,983花蓮縣富里鄉東里村大莊路120號,03-8861455,4L聽裝煤油 (025,是
D615B,巨豐站,973花蓮縣吉安鄉勝安村和平路一段45號,03-8462947,4L聽裝煤油 (025,是
D615C,廣昇站,974花蓮縣壽豐鄉中山路6段123號,03-8653829,4L聽裝煤油 (025,是
D6160,羅東站,268宜蘭縣五結鄉中正路二段94號,03-9654651,4L聽裝煤油 (025,是
D6161,宜蘭站,260宜蘭縣宜蘭市中山路五段139號,039-282621,4L聽裝煤油 (025,是
D6162,蘇澳站,270宜蘭縣蘇澳鎮中山路一段196號,03-9963524,4L聽裝煤油 (025,是
D6163,中正南路站,265宜蘭縣羅東鎮中正南路9號,039-543031,4L聽裝煤油 (025,是
D6164,礁溪站,262宜蘭縣礁溪鄉礁溪路六段28號,039-882170,4L聽裝煤油 (025,是
D6165,員山站,264宜蘭縣員山鄉員山路一段31號,039-223041,4L聽裝煤油 (025,是
D6166,頭城站,261宜蘭縣頭城鎮開蘭路300號,03-9771644,4L聽裝煤油 (025,是
D6167,三星站,266宜蘭縣三星鄉三星路四段235號,039-892219,4L聽裝煤油 (025,是
D6168,壯圍站,263宜蘭縣壯圍鄉吉祥村壯五路391號,039-381161,4L聽裝煤油 (025,是
D6169,馬賽站,270宜蘭縣蘇澳鎮蘇濱路二段459號,03-9905422,4L聽裝煤油 (025,是
D616A,大里站,261宜蘭縣頭城鎮濱海路七段81號,039-781137,4L聽裝煤油 (025,否
D616B,南方澳站,270宜蘭縣蘇澳鎮南安里漁港路52-1號,039-962209,4L聽裝煤油 (025,是
D616C,新水站,268宜蘭縣五結鄉五濱路二段206號,039-504374,4L聽裝煤油 (025,是
D616D,冬山站,269宜蘭縣冬山鄉冬山路二段260號,039-591316,4L聽裝煤油 (025,是
D616E,大福站,263宜蘭縣壯圍鄉壯濱路五段310號,039-301864,4L聽裝煤油 (025,是
D616F,大同站,267宜蘭縣大同鄉崙埤村泰雅路1段92號,039-801181,4L聽裝煤油 (025,是
D616G,北關站,261宜蘭縣頭城鎮濱海路三段326號,039-776128,4L聽裝煤油 (025,是
D616H,南山站,267宜蘭縣大同鄉南山村泰雅路7段226號,039-809050,4L聽裝煤油 (025,是
D616I,九份站,269宜蘭縣冬山鄉冬山路五段165號,039-584810,4L聽裝煤油 (025,是
D6170,馬蘭站,950台東縣台東市更生路653號,089-226401,4L聽裝煤油 (025,是
D6171,中山路站,950台東縣台東市新生路136號,089-323132,4L聽裝煤油 (025,是
D6172,成功站,961台東縣成功鎮中山路43號,089-851069,4L聽裝煤油 (025,是
D6173,關山站,956台東縣關山鎮和平路24號,089-811124,4L聽裝煤油 (025,是
D6174,池上站,958台東縣池上鄉福原村中山路25號,089-862634,4L聽裝煤油 (025,是
D6175,太麻里站,963台東縣太麻里鄉泰和村1鄰太麻里街157號,089-781303,4L聽裝煤油 (025,是
D6176,長濱站,962台東縣長濱鄉長濱村124號,089-831027,4L聽裝煤油 (025,是
D6177,大武站,965台東縣大武鄉尚武村尚武路8號,089-791453,4L聽裝煤油 (025,是
D6178,知本站,950台東縣台東市青海路四段270號,089-512284,4L聽裝煤油 (025,是
D6179,鹿野站,955台東縣鹿野鄉鹿野村中華路2段169號,089-551124,4L聽裝煤油 (025,是
D617A,豐里站,950台東縣台東市中華路二段732號,089-329691,4L聽裝煤油 (025,是
D617B,東河站,959台東縣東河鄉南東河5鄰46號(備註：12:00-13:00歇業),089-896236,4L聽裝煤油 (025,是
D617C,富里站,983花蓮縣富里鄉石牌村中興路85號,038-831285,4L聽裝煤油 (025,是
D617D,卑南站,950台東縣台東市更生北路20號,089-222010,4L聽裝煤油 (025,是
D617E,綠島站,951台東縣綠島鄉南寮村漁港路７號,089-672313,4L聽裝煤油 (025,否
D617F,初鹿站,954台東縣卑南鄉明峰村13鄰忠孝路32號,089-571742,4L聽裝煤油 (025,是
D617G,泰源站,959台東縣東河鄉北源村柑桔林路37-3號(備註：12:00-13:30歇業),089-891290,4L聽裝煤油 (025,是
